strength,weight_capacity,biodegradability_score,co2_emission_score,recyclability,cost,material_type_Aluminum,material_type_Bioplastic,material_type_Cardboard,material_type_Glass,material_type_Paper,CO2_Impact_Index,Cost_Efficiency_Index,Material_Suitability_Score
0.9777777777777779,0.2933333333333334,0.8888888888888888,0.8888888888888888,0.5555555555555556,0.7002881844380402,True,False,False,False,False,0.5333333333333333,0.5750659133709982,0.7222222222222222
0.1777777777777778,0.9733333333333334,0.3333333333333333,0.6666666666666665,0.6666666666666665,0.5078450208133205,False,False,False,False,True,0.3999999999999999,0.11790188999787643,0.4999999999999999
0.9111111111111112,0.64,0.5555555555555556,0.5555555555555556,0.0,0.7182196605827729,True,False,False,False,False,0.3333333333333333,0.5302646291464779,0.2777777777777778
0.8999999999999999,0.12000000000000001,0.0,0.4444444444444445,0.0,0.5283381364073005,False,False,False,True,False,0.26666666666666666,0.588874921433061,0.0
0.9444444444444444,0.12000000000000001,1.0,0.4444444444444445,0.3333333333333333,0.6019852705731668,False,False,True,False,False,0.26666666666666666,0.589546272236658,0.6666666666666666
0.4444444444444445,0.64,0.7777777777777777,1.0,0.6666666666666665,0.5299391610630804,True,False,False,False,False,0.6,0.29049811636668066,0.7222222222222221
0.30000000000000004,0.68,0.0,1.0,0.3333333333333333,0.41306436119116235,True,False,False,False,False,0.6,0.2123045547246771,0.16666666666666666
0.6555555555555556,0.34666666666666673,0.3333333333333333,0.1111111111111111,0.2222222222222222,0.5126480947806595,False,False,True,False,False,0.06666666666666667,0.4333827265029636,0.2777777777777778
0.03333333333333334,0.9466666666666668,0.5555555555555556,0.4444444444444445,0.7777777777777777,0.43868075568363746,False,False,False,False,True,0.26666666666666666,0.02316937458268418,0.6666666666666666
0.1777777777777778,0.04000000000000001,0.6666666666666665,1.0,0.8888888888888888,0.19212295869356388,False,True,False,False,False,0.6,0.1491270480795058,0.7777777777777777
0.9777777777777779,0.9066666666666667,0.7777777777777777,0.7777777777777777,0.4444444444444445,0.909061799551713,False,True,False,False,False,0.46666666666666656,0.5121771217712178,0.611111111111111
0.6777777777777778,0.3066666666666667,0.7777777777777777,0.5555555555555556,1.0,0.6077489593339738,False,False,True,False,False,0.3333333333333333,0.4215694084843657,0.8888888888888888
0.7666666666666666,0.68,0.5555555555555556,0.6666666666666665,1.0,0.7896253602305476,False,False,False,False,True,0.3999999999999999,0.42839506172839503,0.7777777777777778
0.6555555555555556,0.8400000000000001,0.5555555555555556,0.6666666666666665,0.5555555555555556,0.7191802753762409,True,False,False,False,False,0.3999999999999999,0.3813186813186813,0.5555555555555556
0.9666666666666666,0.8800000000000001,0.2222222222222222,0.0,1.0,1.0,False,False,False,False,True,0.0,0.4833333333333333,0.6111111111111112
0.2555555555555556,0.0,0.7777777777777777,0.3333333333333333,0.5555555555555556,0.19756644252321487,True,False,False,False,False,0.19999999999999998,0.21339572192513373,0.6666666666666666
0.9111111111111112,0.16000000000000003,0.5555555555555556,0.0,0.1111111111111111,0.580531540185719,True,False,False,False,False,0.0,0.5764586709886548,0.33333333333333337
0.8888888888888888,0.7466666666666667,0.6666666666666665,1.0,0.0,0.728466218379763,False,True,False,False,False,0.6,0.5142645424231197,0.33333333333333326
0.34444444444444444,0.24000000000000005,0.0,0.0,0.0,0.2667307076528978,False,True,False,False,False,0.0,0.2719160768452983,0.0
0.13333333333333336,0.7200000000000001,0.0,0.0,0.0,0.31796349663784823,False,False,True,False,False,0.0,0.10116618075801752,0.0
0.34444444444444444,0.22666666666666668,0.1111111111111111,1.0,0.4444444444444445,0.2913864873519052,False,False,True,False,False,0.6,0.2667245226878254,0.2777777777777778
0.4777777777777778,0.7866666666666667,0.0,0.3333333333333333,0.3333333333333333,0.5770092859430034,False,True,False,False,False,0.19999999999999998,0.3029644670050762,0.16666666666666666
0.7777777777777778,0.1866666666666667,0.2222222222222222,0.8888888888888888,0.6666666666666665,0.5626000640409861,False,False,False,True,False,0.5333333333333333,0.49774590163934435,0.44444444444444436
0.9666666666666666,0.8133333333333334,1.0,0.7777777777777777,0.0,0.8049951969260325,False,False,False,False,True,0.46666666666666656,0.5355508249068653,0.5
0.9888888888888889,0.2666666666666667,0.4444444444444445,0.0,0.6666666666666665,0.7438360550752481,False,False,False,True,False,0.0,0.5670767535806097,0.5555555555555555
0.45555555555555555,0.026666666666666672,0.2222222222222222,0.4444444444444445,0.6666666666666665,0.33461415305795705,True,False,False,False,False,0.26666666666666666,0.3413387715930902,0.44444444444444436
0.5777777777777777,0.5466666666666667,0.3333333333333333,1.0,0.2222222222222222,0.5091258405379442,False,True,False,False,False,0.6,0.38285593040526206,0.2777777777777778
0.3888888888888889,0.9600000000000002,0.2222222222222222,0.1111111111111111,0.8888888888888888,0.6759526096701889,False,True,False,False,False,0.06666666666666667,0.23204050439434468,0.5555555555555556
0.5888888888888889,0.2666666666666667,0.2222222222222222,0.7777777777777777,0.3333333333333333,0.43836055075248154,False,False,False,False,True,0.46666666666666656,0.40941674087266255,0.2777777777777778
0.4777777777777778,0.3066666666666667,0.7777777777777777,0.2222222222222222,0.2222222222222222,0.39193083573487036,True,False,False,False,False,0.13333333333333333,0.34324821716126064,0.49999999999999994
0.7222222222222222,1.0,0.0,0.1111111111111111,0.3333333333333333,0.8024335574767851,False,False,False,False,True,0.06666666666666667,0.4006928406466513,0.16666666666666666
0.34444444444444444,0.64,0.8888888888888888,0.3333333333333333,0.0,0.3992955491514569,False,False,False,True,False,0.19999999999999998,0.24615560640732265,0.4444444444444444
0.8666666666666667,0.56,0.6666666666666665,0.1111111111111111,1.0,0.8232468780019213,False,False,False,True,False,0.06666666666666667,0.47534246575342465,0.8333333333333333
0.5111111111111111,0.9600000000000002,0.8888888888888888,0.8888888888888888,0.3333333333333333,0.6394492475184117,False,False,False,True,False,0.5333333333333333,0.3117578125,0.611111111111111
0.15555555555555556,0.026666666666666672,0.0,0.7777777777777777,1.0,0.19820685238552677,False,False,True,False,False,0.46666666666666656,0.12982362373062534,0.5
0.9555555555555555,0.8,0.8888888888888888,0.3333333333333333,0.4444444444444445,0.8731988472622478,False,False,False,True,False,0.19999999999999998,0.5101196581196581,0.6666666666666666
0.9333333333333333,0.9600000000000002,0.2222222222222222,0.0,0.6666666666666665,0.9615754082612871,False,False,True,False,False,0.0,0.4758080313418218,0.44444444444444436
0.11111111111111112,0.8666666666666667,0.0,0.5555555555555556,0.8888888888888888,0.46685878962536026,False,True,False,False,False,0.3333333333333333,0.07574765335079678,0.4444444444444444
0.055555555555555566,0.8133333333333334,0.4444444444444445,0.3333333333333333,0.7777777777777777,0.40730067243035534,False,False,False,True,False,0.19999999999999998,0.039476678043230955,0.611111111111111
0.4333333333333334,0.3866666666666667,0.3333333333333333,0.6666666666666665,0.6666666666666665,0.4438040345821325,False,False,True,False,False,0.3999999999999999,0.3001330671989355,0.4999999999999999
0.1777777777777778,0.14666666666666667,0.5555555555555556,0.2222222222222222,0.1111111111111111,0.14537303874479668,False,False,False,True,False,0.13333333333333333,0.15521386636846524,0.33333333333333337
0.5555555555555556,0.4933333333333334,0.4444444444444445,0.7777777777777777,0.2222222222222222,0.4847902657700928,True,False,False,False,False,0.46666666666666656,0.3741643303860255,0.33333333333333337
0.7333333333333333,0.4133333333333334,0.3333333333333333,0.8888888888888888,0.5555555555555556,0.6026256804354786,False,True,False,False,False,0.5333333333333333,0.4575824175824176,0.4444444444444444
0.15555555555555556,0.7200000000000001,1.0,0.0,0.4444444444444445,0.39481268011527376,True,False,False,False,False,0.0,0.11152433425160697,0.7222222222222222
0.7666666666666666,0.3066666666666667,0.8888888888888888,1.0,0.5555555555555556,0.579570925392251,True,False,False,False,False,0.6,0.48536387593756336,0.7222222222222222
0.1444444444444445,0.4800000000000001,0.1111111111111111,1.0,0.1111111111111111,0.21934037784181876,False,False,True,False,False,0.6,0.11846113445378154,0.1111111111111111
0.1444444444444445,0.9866666666666668,0.1111111111111111,0.7777777777777777,0.0,0.39353186039064997,False,False,True,False,False,0.46666666666666656,0.10365349264705886,0.05555555555555555
0.6444444444444444,0.0,0.8888888888888888,1.0,0.0,0.3186039065001601,True,False,False,False,False,0.6,0.48873239436619714,0.4444444444444444
0.13333333333333336,0.3066666666666667,0.2222222222222222,0.8888888888888888,0.8888888888888888,0.2664105027217419,False,False,False,True,False,0.5333333333333333,0.10528445006321115,0.5555555555555556
0.07777777777777777,0.2933333333333334,0.2222222222222222,0.7777777777777777,0.6666666666666665,0.20140890169708614,False,False,True,False,False,0.46666666666666656,0.06473880597014925,0.44444444444444436
0.2888888888888889,0.8666666666666667,1.0,0.0,0.7777777777777777,0.5725264169068203,False,True,False,False,False,0.0,0.18371003868865815,0.8888888888888888
0.8444444444444444,0.5333333333333334,0.7777777777777777,0.6666666666666665,0.0,0.6375280179314762,False,True,False,False,False,0.3999999999999999,0.5156824403597966,0.38888888888888884
0.3777777777777778,0.9066666666666667,0.1111111111111111,1.0,0.6666666666666665,0.5875760486711494,False,False,False,False,True,0.6,0.23795885437676487,0.38888888888888884
0.45555555555555555,0.4666666666666667,0.1111111111111111,0.1111111111111111,0.6666666666666665,0.5046429715017611,False,False,False,False,True,0.06666666666666667,0.3027665460736327,0.38888888888888884
0.11111111111111112,0.8666666666666667,1.0,0.7777777777777777,0.7777777777777777,0.4431636247198207,False,False,False,True,False,0.46666666666666656,0.07699134679387619,0.8888888888888888
0.2777777777777778,0.36000000000000004,0.5555555555555556,0.2222222222222222,0.0,0.2638488632724944,False,False,False,False,True,0.13333333333333333,0.21978718013681275,0.2777777777777778
0.8999999999999999,0.4933333333333334,0.5555555555555556,0.4444444444444445,0.5555555555555556,0.7428754402817803,False,False,False,False,True,0.26666666666666666,0.5163880213117765,0.5555555555555556
0.09999999999999999,0.6000000000000001,0.0,0.0,0.6666666666666665,0.3515850144092219,False,False,False,True,False,0.0,0.07398720682302772,0.33333333333333326
0.8222222222222222,0.9866666666666668,0.2222222222222222,0.8888888888888888,0.7777777777777777,0.8924111431316042,False,False,True,False,False,0.5333333333333333,0.4344839255499154,0.49999999999999994
0.9111111111111112,0.8933333333333334,0.2222222222222222,0.2222222222222222,0.8888888888888888,0.9490874159462055,False,False,True,False,False,0.13333333333333333,0.4674552324626253,0.5555555555555556
0.9333333333333333,0.34666666666666673,1.0,0.7777777777777777,0.4444444444444445,0.6817162984309959,False,False,False,True,False,0.46666666666666656,0.554988575780655,0.7222222222222222
0.8111111111111111,0.32000000000000006,0.6666666666666665,0.1111111111111111,0.2222222222222222,0.5926993275696446,False,False,False,True,False,0.06666666666666667,0.5092681946119823,0.44444444444444436
0.41111111111111115,0.5866666666666667,0.6666666666666665,0.1111111111111111,1.0,0.5702849823887288,False,False,True,False,False,0.06666666666666667,0.2618066884176183,0.8333333333333333
0.6888888888888889,0.4933333333333334,1.0,0.6666666666666665,0.2222222222222222,0.5654819084213896,True,False,False,False,False,0.3999999999999999,0.44004908979341384,0.6111111111111112
0.1444444444444445,0.053333333333333344,0.4444444444444445,0.5555555555555556,0.1111111111111111,0.08101184758245275,False,False,True,False,False,0.3333333333333333,0.13361966824644553,0.2777777777777778
0.011111111111111113,0.8,1.0,0.7777777777777777,0.7777777777777777,0.361511367275056,False,True,False,False,False,0.46666666666666656,0.008160865475070557,0.8888888888888888
0.03333333333333334,0.4266666666666667,0.1111111111111111,0.4444444444444445,0.1111111111111111,0.15529939161063078,False,False,False,True,False,0.26666666666666666,0.02885254988913526,0.1111111111111111
0.6,0.09333333333333334,0.7777777777777777,0.2222222222222222,1.0,0.49759846301633043,True,False,False,False,False,0.13333333333333333,0.40064143681847336,0.8888888888888888
0.1444444444444445,0.92,0.3333333333333333,0.8888888888888888,0.5555555555555556,0.44572526416906816,False,False,False,False,True,0.5333333333333333,0.09991140642303437,0.4444444444444444
0.4888888888888889,0.06666666666666667,0.5555555555555556,1.0,1.0,0.3970541146333653,False,False,False,True,False,0.6,0.34994269997708,0.7777777777777778
0.34444444444444444,0.8133333333333334,0.0,0.4444444444444445,0.1111111111111111,0.47390329811079085,False,False,False,False,True,0.26666666666666666,0.23369541603302194,0.05555555555555555
0.4444444444444445,0.8800000000000001,0.1111111111111111,0.6666666666666665,1.0,0.6759526096701889,False,False,True,False,False,0.3999999999999999,0.2651891478792511,0.5555555555555556
0.5555555555555556,0.9600000000000002,0.1111111111111111,0.1111111111111111,0.1111111111111111,0.659942363112392,False,False,False,True,False,0.06666666666666667,0.33468364197530864,0.1111111111111111
0.5555555555555556,0.56,0.1111111111111111,0.7777777777777777,0.5555555555555556,0.5568363752801793,False,True,False,False,False,0.46666666666666656,0.3568490333196216,0.33333333333333337
0.8999999999999999,0.5866666666666667,0.8888888888888888,0.6666666666666665,0.5555555555555556,0.7688120397054115,False,False,True,False,False,0.3999999999999999,0.508816075307748,0.7222222222222222
0.5222222222222221,0.8133333333333334,0.5555555555555556,0.6666666666666665,0.1111111111111111,0.568683957732949,False,False,True,False,False,0.3999999999999999,0.3329046744233517,0.33333333333333337
0.12222222222222222,0.2666666666666667,0.8888888888888888,0.4444444444444445,0.2222222222222222,0.164905539545309,True,False,False,False,False,0.26666666666666666,0.10492028587135789,0.5555555555555556
0.0,0.52,0.5555555555555556,1.0,0.5555555555555556,0.21453730387447967,False,False,False,False,True,0.6,0.0,0.5555555555555556
0.4000000000000001,0.10666666666666667,0.4444444444444445,0.5555555555555556,0.6666666666666665,0.3275696445725264,False,False,True,False,False,0.3333333333333333,0.301302460202605,0.5555555555555555
0.2,0.026666666666666672,0.2222222222222222,0.2222222222222222,0.5555555555555556,0.17899455651617036,False,False,False,False,True,0.13333333333333333,0.16963606735469855,0.3888888888888889
0.8777777777777778,0.7866666666666667,0.2222222222222222,0.2222222222222222,0.8888888888888888,0.8914505283381362,True,False,False,False,False,0.13333333333333333,0.46407651938378197,0.5555555555555556
0.8444444444444444,0.7066666666666668,1.0,0.5555555555555556,0.6666666666666665,0.7998719180275375,False,False,True,False,False,0.3333333333333333,0.46916918697740617,0.8333333333333333
0.2888888888888889,0.7066666666666668,0.4444444444444445,0.0,0.4444444444444445,0.46685878962536026,False,False,True,False,False,0.0,0.19694389871207163,0.4444444444444445
0.9222222222222223,0.17333333333333334,0.2222222222222222,0.6666666666666665,0.1111111111111111,0.568683957732949,False,False,False,False,True,0.3999999999999999,0.5878954888752808,0.16666666666666666
0.26666666666666666,0.7200000000000001,0.7777777777777777,0.7777777777777777,0.8888888888888888,0.4959974383605507,True,False,False,False,False,0.46666666666666656,0.17825342465753424,0.8333333333333333
0.12222222222222222,0.04000000000000001,0.8888888888888888,1.0,0.2222222222222222,0.06404098623118795,True,False,False,False,False,0.6,0.11486608486307553,0.5555555555555556
0.7222222222222222,0.9066666666666667,0.2222222222222222,1.0,0.0,0.6900416266410503,True,False,False,False,False,0.6,0.4273399014778325,0.1111111111111111
0.04444444444444444,0.6266666666666667,0.3333333333333333,0.8888888888888888,0.1111111111111111,0.21837976304835094,False,False,True,False,False,0.5333333333333333,0.03647831800262812,0.2222222222222222
0.8111111111111111,0.92,0.3333333333333333,0.3333333333333333,0.4444444444444445,0.8331732308677553,False,False,False,False,True,0.19999999999999998,0.4424628820960699,0.3888888888888889
0.06666666666666667,0.52,0.0,0.5555555555555556,0.3333333333333333,0.23631123919308356,False,False,False,True,False,0.3333333333333333,0.053923853923853925,0.16666666666666666
0.5555555555555556,0.9866666666666668,0.2222222222222222,0.6666666666666665,0.0,0.6343259686199167,False,False,False,True,False,0.3999999999999999,0.3399294670846395,0.1111111111111111
0.6555555555555556,0.6933333333333334,1.0,0.7777777777777777,0.4444444444444445,0.6464937560038424,False,False,False,False,True,0.46666666666666656,0.39815246985608715,0.7222222222222222
0.5555555555555556,0.0,0.4444444444444445,0.3333333333333333,0.8888888888888888,0.41850784502081323,False,False,False,True,False,0.19999999999999998,0.39164785553047404,0.6666666666666666
0.7333333333333333,0.6666666666666667,0.0,0.3333333333333333,0.4444444444444445,0.6970861351264808,False,True,False,False,False,0.19999999999999998,0.4321132075471698,0.22222222222222224
0.8777777777777778,0.16000000000000003,0.8888888888888888,0.5555555555555556,0.8888888888888888,0.6541786743515849,False,False,False,True,False,0.3333333333333333,0.5306426635694929,0.8888888888888888
0.45555555555555555,0.053333333333333344,1.0,0.3333333333333333,1.0,0.39609349983989744,False,False,False,True,False,0.19999999999999998,0.32630733944954127,1.0
0.9888888888888889,0.6533333333333334,0.1111111111111111,1.0,0.7777777777777777,0.8645533141210373,False,False,True,False,False,0.6,0.5303623561737937,0.4444444444444444
0.2888888888888889,0.09333333333333334,0.8888888888888888,0.1111111111111111,0.0,0.17803394172270248,False,False,False,True,False,0.06666666666666667,0.2452296819787986,0.4444444444444444
0.055555555555555566,0.7066666666666668,0.1111111111111111,0.6666666666666665,0.5555555555555556,0.3253282100544348,False,False,False,False,True,0.3999999999999999,0.04191833776274463,0.33333333333333337
0.7333333333333333,0.24000000000000005,0.5555555555555556,1.0,0.0,0.4562920268972142,True,False,False,False,False,0.6,0.5035620052770449,0.2777777777777778
0.1777777777777778,0.026666666666666672,0.4444444444444445,0.8888888888888888,0.2222222222222222,0.09510086455331412,True,False,False,False,False,0.5333333333333333,0.16233918128654973,0.33333333333333337
0.34444444444444444,0.13333333333333336,0.5555555555555556,0.3333333333333333,1.0,0.3608709574127441,False,True,False,False,False,0.19999999999999998,0.2531058823529412,0.7777777777777778
0.4444444444444445,0.8266666666666668,0.5555555555555556,0.0,0.4444444444444445,0.5997438360550753,False,False,False,False,True,0.0,0.27782225780624503,0.5
0.1777777777777778,0.8533333333333334,0.5555555555555556,0.3333333333333333,1.0,0.5241754723022733,False,False,False,True,False,0.19999999999999998,0.11663865546218491,0.7777777777777778
0.5222222222222221,0.053333333333333344,0.1111111111111111,1.0,0.4444444444444445,0.3314121037463977,False,False,False,True,False,0.6,0.39223184223184215,0.2777777777777778
0.5666666666666667,0.92,0.2222222222222222,0.0,0.8888888888888888,0.7678514249119437,False,False,True,False,False,0.0,0.32053975729034595,0.5555555555555556
0.22222222222222227,0.6133333333333334,0.3333333333333333,1.0,0.3333333333333333,0.3442203009926353,True,False,False,False,False,0.6,0.1653168175321582,0.3333333333333333
0.8888888888888888,0.7733333333333334,0.1111111111111111,0.0,0.5555555555555556,0.8527057316682676,False,False,False,False,True,0.0,0.4797787763567231,0.33333333333333337
0.1777777777777778,0.08,1.0,0.6666666666666665,0.4444444444444445,0.15401857188600704,True,False,False,False,False,0.3999999999999999,0.15405105438401778,0.7222222222222222
0.2,0.6133333333333334,0.2222222222222222,0.2222222222222222,0.1111111111111111,0.32628882484790267,False,False,False,True,False,0.13333333333333333,0.15079671656204732,0.16666666666666666
0.8333333333333334,0.7466666666666667,0.2222222222222222,0.0,0.3333333333333333,0.7790585975024016,True,False,False,False,False,0.0,0.4684125269978402,0.2777777777777778
0.16666666666666669,0.36000000000000004,0.0,0.0,0.1111111111111111,0.22350304194684595,False,True,False,False,False,0.0,0.13622088458518714,0.05555555555555555
0.07777777777777777,0.026666666666666672,0.3333333333333333,1.0,0.6666666666666665,0.09766250400256163,False,False,False,False,True,0.6,0.07085764294049007,0.4999999999999999
0.611111111111111,0.45333333333333337,0.6666666666666665,0.6666666666666665,0.1111111111111111,0.4902337495997438,False,False,False,False,True,0.3999999999999999,0.41007735281478297,0.38888888888888884
0.21111111111111114,0.24000000000000005,0.2222222222222222,0.0,0.1111111111111111,0.20589177073326925,False,True,False,False,False,0.0,0.17506638343069572,0.16666666666666666
0.6777777777777778,0.8400000000000001,0.2222222222222222,0.7777777777777777,1.0,0.792186999679795,False,False,False,False,True,0.46666666666666656,0.3781847418259782,0.6111111111111112
0.7777777777777778,0.36000000000000004,0.5555555555555556,0.5555555555555556,0.6666666666666665,0.6365674031380084,True,False,False,False,False,0.3333333333333333,0.47524946194482487,0.611111111111111
0.3666666666666667,0.8933333333333334,0.1111111111111111,0.6666666666666665,0.8888888888888888,0.6199167467178994,False,False,True,False,False,0.3999999999999999,0.22634908084601701,0.5
0.3888888888888889,0.10666666666666667,1.0,0.1111111111111111,0.2222222222222222,0.2724943964137047,False,False,True,False,False,0.06666666666666667,0.3056114745848012,0.6111111111111112
0.9777777777777779,0.28,0.0,0.6666666666666665,0.2222222222222222,0.6551392891450527,False,False,False,False,True,0.3999999999999999,0.5907525633584834,0.1111111111111111
0.23333333333333334,0.5866666666666667,1.0,0.6666666666666665,0.6666666666666665,0.40057636887608067,False,False,False,True,False,0.3999999999999999,0.16659807956104253,0.8333333333333333
0.3666666666666667,0.17333333333333334,0.7777777777777777,0.4444444444444445,0.1111111111111111,0.2561639449247518,False,False,False,False,True,0.26666666666666666,0.29189395870507273,0.4444444444444444
0.8444444444444444,0.37333333333333335,0.2222222222222222,0.3333333333333333,0.4444444444444445,0.6554594940762086,False,False,True,False,False,0.19999999999999998,0.5100967117988395,0.33333333333333337
0.23333333333333334,0.14666666666666667,0.2222222222222222,0.2222222222222222,0.6666666666666665,0.2574447646493756,False,False,False,True,False,0.13333333333333333,0.18556149732620322,0.44444444444444436
0.9666666666666666,0.44000000000000006,0.1111111111111111,1.0,0.5555555555555556,0.7428754402817803,False,False,True,False,False,0.6,0.5546389858533897,0.33333333333333337
0.5111111111111111,0.7333333333333334,0.1111111111111111,0.6666666666666665,0.3333333333333333,0.5654819084213896,False,False,False,False,True,0.3999999999999999,0.3264880343628554,0.2222222222222222
0.22222222222222227,0.0,0.7777777777777777,0.7777777777777777,0.5555555555555556,0.16298430995837337,False,False,True,False,False,0.46666666666666656,0.19107929515418504,0.6666666666666666
0.8333333333333334,0.28,0.1111111111111111,1.0,0.7777777777777777,0.6404098623118795,False,False,False,True,False,0.6,0.5080031231700176,0.4444444444444444
0.18888888888888888,0.5466666666666667,0.0,0.6666666666666665,0.8888888888888888,0.3925712455971822,True,False,False,False,False,0.3999999999999999,0.1356403770981835,0.4444444444444444
0.8999999999999999,0.6000000000000001,0.4444444444444445,0.8888888888888888,0.7777777777777777,0.7979506884406018,False,True,False,False,False,0.5333333333333333,0.5005699020480855,0.611111111111111
0.2555555555555556,0.1866666666666667,0.7777777777777777,0.3333333333333333,0.7777777777777777,0.29682997118155613,False,True,False,False,False,0.19999999999999998,0.19706172839506178,0.7777777777777777
0.7999999999999999,0.22666666666666668,0.6666666666666665,0.3333333333333333,0.8888888888888888,0.6410502721741913,False,False,False,False,True,0.19999999999999998,0.4874926829268293,0.7777777777777777
0.7999999999999999,0.32000000000000006,0.6666666666666665,0.6666666666666665,0.8888888888888888,0.6631444124239512,False,False,False,True,False,0.3999999999999999,0.4810165575664228,0.7777777777777777
0.7666666666666666,0.10666666666666667,0.1111111111111111,0.5555555555555556,0.0,0.44284341978866476,False,False,True,False,False,0.3333333333333333,0.531358189081225,0.05555555555555555
0.15555555555555556,0.8800000000000001,0.8888888888888888,0.0,0.3333333333333333,0.436439321165546,False,False,False,False,True,0.0,0.10829246544806063,0.611111111111111
0.7111111111111111,0.8533333333333334,0.1111111111111111,1.0,0.2222222222222222,0.6964457252641689,False,False,False,False,True,0.6,0.4191770479426199,0.16666666666666666
0.9777777777777779,0.28,0.2222222222222222,0.3333333333333333,0.0,0.6346461735510727,False,False,False,True,False,0.19999999999999998,0.598158667972576,0.1111111111111111
0.15555555555555556,0.68,0.7777777777777777,0.4444444444444445,0.5555555555555556,0.38104386807556834,False,False,False,True,False,0.26666666666666666,0.11263621609088802,0.6666666666666666
0.6777777777777778,0.5466666666666667,0.1111111111111111,0.5555555555555556,0.5555555555555556,0.6301633045148896,False,False,False,True,False,0.3333333333333333,0.41577293262620313,0.33333333333333337
0.32222222222222224,0.7733333333333334,0.0,0.0,1.0,0.590137688120397,True,False,False,False,False,0.0,0.20263793797825214,0.5
0.41111111111111115,0.9866666666666668,1.0,0.0,0.2222222222222222,0.606147934678194,False,False,False,True,False,0.0,0.25596092503987244,0.6111111111111112
0.03333333333333334,0.4133333333333334,1.0,0.8888888888888888,0.8888888888888888,0.24719820685238553,False,True,False,False,False,0.5333333333333333,0.02672657252888319,0.9444444444444444
0.11111111111111112,0.06666666666666667,0.3333333333333333,0.6666666666666665,0.5555555555555556,0.12680115273775214,True,False,False,False,False,0.3999999999999999,0.09860755896561524,0.4444444444444444
0.8888888888888888,0.6533333333333334,0.2222222222222222,1.0,1.0,0.8389369196285623,False,False,False,True,False,0.6,0.4833710604213825,0.6111111111111112
0.5777777777777777,0.52,0.6666666666666665,0.7777777777777777,0.7777777777777777,0.5872558437399935,False,False,False,True,False,0.46666666666666656,0.36401049021585635,0.7222222222222221
0.1777777777777778,0.4666666666666667,0.1111111111111111,0.5555555555555556,0.7777777777777777,0.3451809157861031,False,True,False,False,False,0.3333333333333333,0.1321590097595811,0.4444444444444444
0.08888888888888889,0.6000000000000001,1.0,0.7777777777777777,0.8888888888888888,0.3503041946845981,False,False,True,False,False,0.46666666666666656,0.06582878823808394,0.9444444444444444
0.9333333333333333,0.7600000000000001,0.4444444444444445,1.0,0.6666666666666665,0.8549471661863592,False,False,True,False,False,0.6,0.5031589849818747,0.5555555555555555
0.9111111111111112,0.026666666666666672,0.8888888888888888,0.3333333333333333,0.7777777777777777,0.6170349023374959,False,True,False,False,False,0.19999999999999998,0.5634455445544555,0.8333333333333333
1.0,0.37333333333333335,1.0,0.3333333333333333,0.8888888888888888,0.8091578610310597,False,False,False,True,False,0.19999999999999998,0.5527433628318584,0.9444444444444444
0.04444444444444444,0.06666666666666667,1.0,0.7777777777777777,0.1111111111111111,0.02049311559398015,False,False,True,False,False,0.46666666666666656,0.043551929714465004,0.5555555555555556
0.4333333333333334,0.4933333333333334,0.3333333333333333,0.4444444444444445,1.0,0.5379442843419788,True,False,False,False,False,0.26666666666666666,0.2817613991255466,0.6666666666666666
0.18888888888888888,0.5066666666666667,0.8888888888888888,0.0,0.3333333333333333,0.32116554594940766,True,False,False,False,False,0.0,0.14297140087251575,0.611111111111111
0.611111111111111,0.5866666666666667,1.0,0.3333333333333333,0.6666666666666665,0.6298430995837334,False,False,False,False,True,0.19999999999999998,0.374950884086444,0.8333333333333333
0.9444444444444444,0.6133333333333334,0.6666666666666665,0.6666666666666665,0.4444444444444445,0.7880243355747678,False,True,False,False,False,0.3999999999999999,0.5282055873925502,0.5555555555555555
0.5888888888888889,0.6266666666666667,0.5555555555555556,0.5555555555555556,0.8888888888888888,0.6557796990073648,False,True,False,False,False,0.3333333333333333,0.35565654612260683,0.7222222222222222
0.7111111111111111,0.9600000000000002,0.0,0.1111111111111111,0.3333333333333333,0.7816202369516492,True,False,False,False,False,0.06666666666666667,0.399137311286844,0.16666666666666666
0.8666666666666667,0.6533333333333334,0.3333333333333333,0.3333333333333333,0.5555555555555556,0.7851424911943643,False,False,True,False,False,0.19999999999999998,0.4854887892376682,0.4444444444444444
0.45555555555555555,0.4666666666666667,0.7777777777777777,0.7777777777777777,0.8888888888888888,0.5136087095741275,False,True,False,False,False,0.46666666666666656,0.30097313306536916,0.8333333333333333
0.04444444444444444,0.5733333333333334,0.3333333333333333,0.1111111111111111,0.7777777777777777,0.3221261607428754,False,False,False,False,True,0.06666666666666667,0.033615887624122064,0.5555555555555555
0.9444444444444444,0.8400000000000001,0.6666666666666665,1.0,1.0,0.9382004482869035,False,False,False,False,True,0.6,0.48727903518916243,0.8333333333333333
0.15555555555555556,0.6533333333333334,0.7777777777777777,0.6666666666666665,0.2222222222222222,0.3157220621197566,False,False,True,False,False,0.3999999999999999,0.11822827938671211,0.49999999999999994
0.4444444444444445,0.2,0.2222222222222222,0.7777777777777777,0.6666666666666665,0.3791226384886327,False,False,False,False,True,0.46666666666666656,0.3222660784768981,0.44444444444444436
0.26666666666666666,0.8,0.3333333333333333,0.3333333333333333,0.7777777777777777,0.5241754723022733,False,False,True,False,False,0.19999999999999998,0.17495798319327732,0.5555555555555555
0.6666666666666666,0.9066666666666667,0.4444444444444445,0.3333333333333333,0.0,0.6810758885686838,False,False,False,False,True,0.19999999999999998,0.3965714285714286,0.22222222222222224
0.7222222222222222,0.9600000000000002,0.3333333333333333,0.3333333333333333,0.0,0.7323086775536343,False,False,False,False,True,0.19999999999999998,0.416913123844732,0.16666666666666666
0.11111111111111112,0.10666666666666667,0.4444444444444445,0.2222222222222222,0.5555555555555556,0.15658021133525457,False,False,False,False,True,0.13333333333333333,0.0960686600221484,0.5
0.24444444444444446,0.8400000000000001,0.3333333333333333,0.2222222222222222,1.0,0.5616394492475183,True,False,False,False,False,0.13333333333333333,0.15653065409062952,0.6666666666666666
0.35555555555555557,0.33333333333333337,0.5555555555555556,0.5555555555555556,0.3333333333333333,0.3355747678514249,True,False,False,False,False,0.3333333333333333,0.2662191321026133,0.4444444444444444
0.7777777777777778,0.8,0.5555555555555556,0.3333333333333333,1.0,0.850784502081332,False,True,False,False,False,0.19999999999999998,0.42024221453287197,0.7777777777777778
0.2777777777777778,0.56,0.8888888888888888,0.1111111111111111,1.0,0.48382965097662495,True,False,False,False,False,0.06666666666666667,0.18720328010358225,0.9444444444444444
0.022222222222222213,0.25333333333333335,0.5555555555555556,0.8888888888888888,0.3333333333333333,0.10310598783221261,False,False,False,True,False,0.5333333333333333,0.020145137880986926,0.4444444444444444
0.9222222222222223,0.8933333333333334,0.7777777777777777,0.4444444444444445,0.0,0.8197246237592057,False,False,False,True,False,0.26666666666666666,0.5067921872250573,0.38888888888888884
0.6333333333333333,0.24000000000000005,0.6666666666666665,0.1111111111111111,0.7777777777777777,0.5414665385846942,True,False,False,False,False,0.06666666666666667,0.41086414624013295,0.7222222222222221
0.23333333333333334,0.10666666666666667,0.2222222222222222,0.1111111111111111,0.0,0.1508165225744476,False,False,False,False,True,0.06666666666666667,0.20275459098497498,0.1111111111111111
0.7333333333333333,0.33333333333333337,0.3333333333333333,0.7777777777777777,0.5555555555555556,0.5776496958053154,False,False,False,False,True,0.46666666666666656,0.4648264664095798,0.4444444444444444
0.04444444444444444,0.8533333333333334,0.4444444444444445,0.1111111111111111,0.6666666666666665,0.4069804674991994,False,False,True,False,False,0.06666666666666667,0.03158852981338188,0.5555555555555555
0.5888888888888889,0.6533333333333334,0.1111111111111111,0.0,0.3333333333333333,0.6045469100224143,False,False,True,False,False,0.0,0.36701257234085016,0.2222222222222222
0.9777777777777779,0.14666666666666667,0.6666666666666665,0.2222222222222222,0.3333333333333333,0.6384886327249439,False,False,True,False,False,0.13333333333333333,0.5967559116669925,0.4999999999999999
0.5777777777777777,0.21333333333333337,1.0,0.6666666666666665,1.0,0.5126480947806595,True,False,False,False,False,0.3999999999999999,0.3819644369178662,1.0
0.45555555555555555,0.8800000000000001,0.7777777777777777,0.4444444444444445,0.1111111111111111,0.5619596541786742,False,True,False,False,False,0.26666666666666666,0.2916564165641657,0.4444444444444444
0.6,0.28,0.4444444444444445,0.6666666666666665,0.1111111111111111,0.42138968940121674,True,False,False,False,False,0.3999999999999999,0.42212209957197566,0.2777777777777778
0.6555555555555556,0.8800000000000001,0.1111111111111111,1.0,0.2222222222222222,0.6740313800832531,False,False,False,False,True,0.6,0.39160290742157616,0.16666666666666666
0.35555555555555557,0.6666666666666667,0.7777777777777777,0.4444444444444445,0.0,0.41146333653538264,False,False,True,False,False,0.26666666666666666,0.2519056261343013,0.38888888888888884
0.1777777777777778,0.7066666666666668,1.0,0.3333333333333333,0.6666666666666665,0.4233109189881524,False,False,False,False,True,0.19999999999999998,0.12490438695163109,0.8333333333333333
0.3888888888888889,0.013333333333333336,0.8888888888888888,0.4444444444444445,0.1111111111111111,0.21133525456292024,False,False,True,False,False,0.26666666666666666,0.3210415014538726,0.5
0.8555555555555555,0.2666666666666667,0.8888888888888888,0.8888888888888888,0.4444444444444445,0.6042267050912584,True,False,False,False,False,0.5333333333333333,0.5333133732534929,0.6666666666666666
0.3666666666666667,0.013333333333333336,0.8888888888888888,0.5555555555555556,1.0,0.3227665706051873,True,False,False,False,False,0.3333333333333333,0.27719680464778507,0.9444444444444444
0.41111111111111115,0.9066666666666667,0.7777777777777777,0.4444444444444445,0.4444444444444445,0.5939801472942683,True,False,False,False,False,0.26666666666666666,0.2579148252310165,0.611111111111111
0.09999999999999999,0.4,0.5555555555555556,0.8888888888888888,0.1111111111111111,0.16874799871918028,False,False,False,True,False,0.5333333333333333,0.08556164383561643,0.33333333333333337
0.24444444444444446,0.5466666666666667,0.5555555555555556,0.2222222222222222,0.4444444444444445,0.3759205891770733,False,False,False,False,True,0.13333333333333333,0.17765883174307656,0.5
0.9444444444444444,0.3066666666666667,0.4444444444444445,0.0,0.0,0.6365674031380084,False,False,False,True,False,0.0,0.577088632361573,0.22222222222222224
0.26666666666666666,0.9733333333333334,0.2222222222222222,0.1111111111111111,0.4444444444444445,0.5462696125520332,False,False,False,True,False,0.06666666666666667,0.17245806585214332,0.33333333333333337
0.3777777777777778,0.08,0.0,0.7777777777777777,0.6666666666666665,0.2974703810438681,False,False,False,False,True,0.46666666666666656,0.2911648568608095,0.33333333333333326
0.8888888888888888,0.12000000000000001,0.8888888888888888,0.4444444444444445,0.3333333333333333,0.5699647774575729,False,False,False,True,False,0.26666666666666666,0.5661839689985723,0.611111111111111
0.41111111111111115,0.44000000000000006,1.0,0.6666666666666665,0.6666666666666665,0.45020813320525127,True,False,False,False,False,0.3999999999999999,0.28348421285051895,0.8333333333333333
0.8111111111111111,0.68,0.0,0.4444444444444445,0.2222222222222222,0.7108549471661862,False,True,False,False,False,0.26666666666666666,0.4740969492794311,0.1111111111111111
0.5888888888888889,0.4266666666666667,0.1111111111111111,0.0,0.5555555555555556,0.5549151456932437,False,False,False,True,False,0.0,0.37872734761120264,0.33333333333333337
0.9111111111111112,0.4266666666666667,0.5555555555555556,0.4444444444444445,1.0,0.7893051552993915,True,False,False,False,False,0.26666666666666666,0.5091982820329278,0.7777777777777778
0.2,0.37333333333333335,0.6666666666666665,0.1111111111111111,0.8888888888888888,0.3557476785142491,False,False,False,True,False,0.06666666666666667,0.14752007557864905,0.7777777777777777
0.8555555555555555,0.45333333333333337,0.5555555555555556,0.4444444444444445,0.0,0.6227985910983029,False,False,False,False,True,0.26666666666666666,0.5272099447513812,0.2777777777777778
0.24444444444444446,0.7200000000000001,1.0,0.8888888888888888,0.2222222222222222,0.38328530259365984,True,False,False,False,False,0.5333333333333333,0.176712962962963,0.6111111111111112
0.4888888888888889,0.013333333333333336,0.2222222222222222,0.8888888888888888,0.4444444444444445,0.3016330451488952,False,False,True,False,False,0.5333333333333333,0.3755965559655597,0.33333333333333337
0.7444444444444445,0.8266666666666668,0.8888888888888888,0.1111111111111111,0.7777777777777777,0.8168427793788025,False,False,False,True,False,0.06666666666666667,0.4097462107860416,0.8333333333333333
0.34444444444444444,0.12000000000000001,0.3333333333333333,0.6666666666666665,0.8888888888888888,0.32853025936599417,False,False,True,False,False,0.3999999999999999,0.25926729332369247,0.611111111111111
0.5333333333333333,0.8266666666666668,0.8888888888888888,0.1111111111111111,0.6666666666666665,0.6791546589817483,False,True,False,False,False,0.06666666666666667,0.3176201372997712,0.7777777777777777
0.23333333333333334,0.9333333333333333,0.3333333333333333,0.4444444444444445,0.6666666666666665,0.5331412103746398,False,False,True,False,False,0.26666666666666666,0.15219298245614035,0.4999999999999999
0.5111111111111111,0.24000000000000005,0.7777777777777777,0.0,0.1111111111111111,0.3788024335574768,False,False,False,False,True,0.0,0.37069205759405477,0.4444444444444444
0.8333333333333334,0.09333333333333334,0.7777777777777777,0.8888888888888888,0.4444444444444445,0.5289785462696124,False,False,False,False,True,0.5333333333333333,0.5450261780104713,0.611111111111111
0.7,0.9466666666666668,0.5555555555555556,0.7777777777777777,0.2222222222222222,0.7313480627601663,False,False,False,False,True,0.46666666666666656,0.4043092287775107,0.3888888888888889
0.13333333333333336,0.7200000000000001,0.7777777777777777,0.8888888888888888,0.6666666666666665,0.38328530259365984,True,False,False,False,False,0.5333333333333333,0.09638888888888891,0.7222222222222221
0.7444444444444445,0.4266666666666667,0.8888888888888888,0.6666666666666665,0.6666666666666665,0.6375280179314762,False,False,False,False,True,0.3999999999999999,0.4546147829487681,0.7777777777777777
0.1444444444444445,0.8533333333333334,0.7777777777777777,1.0,0.7777777777777777,0.44988792827409535,False,False,True,False,False,0.6,0.09962455830388696,0.7777777777777777
0.7222222222222222,0.6533333333333334,0.6666666666666665,0.2222222222222222,0.1111111111111111,0.6416906820365034,False,False,True,False,False,0.13333333333333333,0.43992588258240684,0.38888888888888884
0.3777777777777778,0.9466666666666668,0.8888888888888888,0.8888888888888888,0.1111111111111111,0.5257764969580532,False,True,False,False,False,0.5333333333333333,0.2475970619097587,0.5
0.26666666666666666,0.52,0.5555555555555556,0.3333333333333333,1.0,0.45533141210374634,True,False,False,False,False,0.19999999999999998,0.18323432343234322,0.7777777777777778
0.8111111111111111,0.5466666666666667,0.8888888888888888,0.5555555555555556,0.4444444444444445,0.691002241434518,False,False,False,False,True,0.3333333333333333,0.47966294262450293,0.6666666666666666
0.9555555555555555,0.3066666666666667,1.0,0.8888888888888888,0.2222222222222222,0.6442523214857507,True,False,False,False,False,0.5333333333333333,0.5811489776046738,0.6111111111111112
0.5888888888888889,0.4666666666666667,0.3333333333333333,0.5555555555555556,0.1111111111111111,0.4860710854947166,False,True,False,False,False,0.3333333333333333,0.39627235509588454,0.2222222222222222
0.1777777777777778,0.6133333333333334,0.0,0.0,0.8888888888888888,0.4332372718539866,False,False,False,True,False,0.0,0.12403932082216267,0.4444444444444444
0.12222222222222222,0.68,0.4444444444444445,0.1111111111111111,0.2222222222222222,0.3253282100544348,False,True,False,False,False,0.06666666666666667,0.09222034307803817,0.33333333333333337
0.03333333333333334,0.013333333333333336,0.6666666666666665,0.3333333333333333,0.5555555555555556,0.07428754402817803,False,True,False,False,False,0.19999999999999998,0.03102831594634874,0.611111111111111
0.04444444444444444,0.3066666666666667,0.3333333333333333,1.0,0.7777777777777777,0.19532500800512326,True,False,False,False,False,0.6,0.03718189124028931,0.5555555555555555
0.1444444444444445,0.22666666666666668,0.5555555555555556,0.1111111111111111,0.2222222222222222,0.1748318924111431,False,True,False,False,False,0.06666666666666667,0.12294903243390573,0.3888888888888889
0.9555555555555555,0.36000000000000004,1.0,0.1111111111111111,0.8888888888888888,0.7864233109189882,True,False,False,False,False,0.06666666666666667,0.5348987273704965,0.9444444444444444
0.13333333333333336,0.09333333333333334,0.2222222222222222,0.5555555555555556,0.5555555555555556,0.15305795709253922,False,False,False,False,True,0.3333333333333333,0.11563454595945573,0.3888888888888889
0.7444444444444445,0.7333333333333334,0.7777777777777777,0.6666666666666665,0.2222222222222222,0.6839577329490873,False,False,True,False,False,0.3999999999999999,0.4420802433922799,0.49999999999999994
0.26666666666666666,0.8933333333333334,1.0,0.6666666666666665,0.8888888888888888,0.5622798591098301,False,False,False,False,True,0.3999999999999999,0.17069071531051447,0.9444444444444444
0.18888888888888888,0.8,1.0,0.8888888888888888,0.0,0.3480627601665065,False,False,False,False,True,0.5333333333333333,0.1401187648456057,0.5
0.7777777777777778,0.06666666666666667,0.3333333333333333,0.4444444444444445,0.4444444444444445,0.5027217419148255,False,False,False,False,True,0.26666666666666666,0.5175793735350522,0.3888888888888889
0.4000000000000001,0.8400000000000001,0.8888888888888888,0.5555555555555556,0.2222222222222222,0.5276977265449887,False,False,False,True,False,0.3333333333333333,0.2618319010689584,0.5555555555555556
0.34444444444444444,0.9466666666666668,0.4444444444444445,1.0,0.6666666666666665,0.5827729747038104,False,False,False,False,True,0.6,0.2176208780093061,0.5555555555555555
0.45555555555555555,0.33333333333333337,0.6666666666666665,0.8888888888888888,0.7777777777777777,0.44572526416906816,False,True,False,False,False,0.5333333333333333,0.31510520487264676,0.7222222222222221
0.7111111111111111,0.4800000000000001,0.7777777777777777,0.0,0.3333333333333333,0.6125520333013128,False,True,False,False,False,0.0,0.4409849086576648,0.5555555555555555
1.0,0.4,0.6666666666666665,0.4444444444444445,0.3333333333333333,0.7348703170028819,False,False,False,False,True,0.26666666666666666,0.5764119601328903,0.4999999999999999
0.08888888888888889,0.053333333333333344,0.2222222222222222,0.0,0.7777777777777777,0.1642651296829971,False,False,False,False,True,0.0,0.07634763476347635,0.49999999999999994
0.5555555555555556,0.9733333333333334,0.5555555555555556,0.3333333333333333,0.7777777777777777,0.7531219980787702,True,False,False,False,False,0.19999999999999998,0.3168949771689498,0.6666666666666666
0.3888888888888889,0.9333333333333333,0.5555555555555556,0.4444444444444445,0.4444444444444445,0.5907780979827089,False,False,False,True,False,0.26666666666666666,0.2444645732689211,0.5
0.2777777777777778,0.5466666666666667,0.2222222222222222,0.0,0.5555555555555556,0.41882804995196926,True,False,False,False,False,0.0,0.19577973369442567,0.3888888888888889
0.3111111111111111,0.3866666666666667,0.8888888888888888,0.6666666666666665,0.3333333333333333,0.3253282100544348,True,False,False,False,False,0.3999999999999999,0.23474269147136992,0.611111111111111
0.4333333333333334,0.9466666666666668,0.3333333333333333,0.7777777777777777,1.0,0.6897214217098944,False,False,True,False,False,0.46666666666666656,0.25645252984650374,0.6666666666666666
0.5777777777777777,0.8933333333333334,0.5555555555555556,0.4444444444444445,0.6666666666666665,0.7172590457893051,False,False,True,False,False,0.26666666666666666,0.3364534775312325,0.611111111111111
0.13333333333333336,0.7200000000000001,1.0,0.2222222222222222,0.2222222222222222,0.34229907140569965,False,True,False,False,False,0.13333333333333333,0.09933206106870231,0.6111111111111112
0.6555555555555556,0.4266666666666667,0.1111111111111111,0.7777777777777777,0.2222222222222222,0.5184117835414666,False,False,False,True,False,0.46666666666666656,0.43173766343315056,0.16666666666666666
0.18888888888888888,0.36000000000000004,0.1111111111111111,0.7777777777777777,0.7777777777777777,0.30547550432276654,False,False,True,False,False,0.46666666666666656,0.1446897228354182,0.4444444444444444
0.022222222222222213,0.5066666666666667,1.0,1.0,0.6666666666666665,0.2385526737111751,False,False,False,False,True,0.6,0.017942088934850043,0.8333333333333333
0.5555555555555556,0.4666666666666667,0.7777777777777777,0.6666666666666665,0.2222222222222222,0.4790265770092859,False,False,False,False,True,0.3999999999999999,0.3756224290972072,0.49999999999999994
0.7999999999999999,0.8400000000000001,0.7777777777777777,0.1111111111111111,0.3333333333333333,0.7896253602305476,False,False,True,False,False,0.06666666666666667,0.4470209339774557,0.5555555555555555
0.9555555555555555,0.8133333333333334,0.0,0.0,0.7777777777777777,0.9375600384245917,True,False,False,False,False,0.0,0.49317468187076513,0.38888888888888884
0.055555555555555566,0.34666666666666673,0.6666666666666665,0.2222222222222222,0.6666666666666665,0.2270252961895613,False,True,False,False,False,0.13333333333333333,0.04527661795407099,0.6666666666666665
0.5444444444444444,1.0,0.0,0.0,0.6666666666666665,0.7518411783541465,False,False,True,False,False,0.0,0.3107841345275087,0.33333333333333326
0.2555555555555556,0.6266666666666667,0.7777777777777777,0.6666666666666665,0.0,0.3317323086775536,False,True,False,False,False,0.3999999999999999,0.1918970906467901,0.38888888888888884
0.6666666666666666,0.7733333333333334,0.6666666666666665,1.0,0.4444444444444445,0.6740313800832531,False,True,False,False,False,0.6,0.39824024483550113,0.5555555555555555
0.11111111111111112,0.4266666666666667,0.3333333333333333,1.0,0.0,0.164905539545309,False,False,True,False,False,0.6,0.09538207806487081,0.16666666666666666
0.18888888888888888,0.6933333333333334,1.0,0.4444444444444445,0.5555555555555556,0.4050592379122638,False,True,False,False,False,0.26666666666666666,0.1344348222424795,0.7777777777777778
0.2888888888888889,0.08,0.6666666666666665,0.3333333333333333,0.0,0.16554594940762085,False,False,True,False,False,0.19999999999999998,0.2478571428571429,0.33333333333333326
0.8777777777777778,0.7600000000000001,0.6666666666666665,0.8888888888888888,0.2222222222222222,0.7627281460134485,False,False,False,True,False,0.5333333333333333,0.4979654859218892,0.44444444444444436
0.09999999999999999,0.6666666666666667,0.5555555555555556,1.0,0.8888888888888888,0.3730387447966698,False,False,False,True,False,0.6,0.0728311567164179,0.7222222222222222
0.8555555555555555,0.7066666666666668,0.2222222222222222,0.7777777777777777,0.6666666666666665,0.7985910983029136,False,False,True,False,False,0.46666666666666656,0.47568096848851704,0.44444444444444436
0.07777777777777777,0.7200000000000001,1.0,0.0,0.5555555555555556,0.36599423631123923,False,False,False,True,False,0.0,0.05693858415377402,0.7777777777777778
0.055555555555555566,0.1866666666666667,0.8888888888888888,0.0,0.0,0.08101184758245275,False,False,True,False,False,0.0,0.05139218009478674,0.4444444444444444
0.41111111111111115,0.6000000000000001,0.8888888888888888,0.3333333333333333,0.5555555555555556,0.5033621517771374,False,False,False,False,True,0.19999999999999998,0.2734611288604899,0.7222222222222222
0.8444444444444444,0.8133333333333334,0.1111111111111111,0.5555555555555556,0.1111111111111111,0.7582452769772654,False,False,False,False,True,0.3333333333333333,0.48027681660899657,0.1111111111111111
0.6444444444444444,0.8933333333333334,0.3333333333333333,0.8888888888888888,0.4444444444444445,0.7082933077169387,False,False,True,False,False,0.5333333333333333,0.37724461105904405,0.3888888888888889
0.18888888888888888,0.7466666666666667,0.4444444444444445,0.3333333333333333,0.3333333333333333,0.39609349983989744,False,True,False,False,False,0.19999999999999998,0.13529816513761467,0.3888888888888889
0.3777777777777778,0.8266666666666668,0.6666666666666665,0.7777777777777777,0.6666666666666665,0.5664425232148576,False,True,False,False,False,0.46666666666666656,0.2411692559280458,0.6666666666666665
0.5666666666666667,0.5866666666666667,0.3333333333333333,0.8888888888888888,0.4444444444444445,0.552993916106308,False,True,False,False,False,0.5333333333333333,0.3648865979381443,0.3888888888888889
0.0,0.8533333333333334,1.0,0.4444444444444445,0.5555555555555556,0.35382644892731346,False,False,True,False,False,0.26666666666666666,0.0,0.7777777777777778
0.8888888888888888,0.45333333333333337,0.4444444444444445,0.4444444444444445,0.2222222222222222,0.6740313800832531,False,False,False,False,True,0.26666666666666666,0.5309869931140015,0.33333333333333337
1.0,0.5866666666666667,0.0,0.3333333333333333,0.0,0.7579250720461095,False,False,False,False,True,0.19999999999999998,0.5688524590163935,0.0
0.5,0.8266666666666668,0.7777777777777777,0.7777777777777777,0.1111111111111111,0.5568363752801793,False,False,False,True,False,0.46666666666666656,0.3211641299876594,0.4444444444444444
1.0,0.21333333333333337,0.2222222222222222,0.2222222222222222,0.6666666666666665,0.7233429394812678,False,False,False,False,True,0.13333333333333333,0.5802675585284282,0.44444444444444436
0.6222222222222222,0.8800000000000001,0.5555555555555556,0.8888888888888888,0.1111111111111111,0.6426512968299711,False,False,True,False,False,0.5333333333333333,0.37879142300194935,0.33333333333333337
0.5333333333333333,0.9733333333333334,0.8888888888888888,0.6666666666666665,0.2222222222222222,0.6487351905219341,False,True,False,False,False,0.3999999999999999,0.3234802874344533,0.5555555555555556
0.7777777777777778,0.9600000000000002,0.8888888888888888,0.8888888888888888,0.5555555555555556,0.8251681075888568,False,True,False,False,False,0.5333333333333333,0.426140350877193,0.7222222222222222
0.15555555555555556,0.8533333333333334,0.4444444444444445,0.7777777777777777,0.1111111111111111,0.3679154658981748,True,False,False,False,False,0.46666666666666656,0.11371722846441949,0.2777777777777778
0.6333333333333333,0.6133333333333334,0.6666666666666665,0.1111111111111111,0.3333333333333333,0.611911623439001,True,False,False,False,False,0.06666666666666667,0.3929082240762813,0.4999999999999999
0.5666666666666667,0.053333333333333344,0.4444444444444445,0.4444444444444445,0.2222222222222222,0.3442203009926353,False,False,True,False,False,0.26666666666666666,0.42155788470700334,0.33333333333333337
0.9333333333333333,0.6933333333333334,0.7777777777777777,0.1111111111111111,0.5555555555555556,0.8456612231828371,False,False,True,False,False,0.06666666666666667,0.5056904927133935,0.6666666666666666
0.6444444444444444,0.7733333333333334,0.1111111111111111,1.0,1.0,0.7412744156260005,True,False,False,False,False,0.6,0.3700993012136815,0.5555555555555556
0.46666666666666673,0.5066666666666667,0.7777777777777777,0.2222222222222222,0.4444444444444445,0.48959333973743197,False,False,True,False,False,0.13333333333333333,0.31328460877042136,0.611111111111111
0.5444444444444444,0.4266666666666667,0.1111111111111111,0.5555555555555556,0.4444444444444445,0.4940762087736151,False,True,False,False,False,0.3333333333333333,0.36440205743677667,0.2777777777777778
0.5555555555555556,0.21333333333333337,0.8888888888888888,0.1111111111111111,0.8888888888888888,0.5030419468459815,False,False,False,True,False,0.06666666666666667,0.3696207925010652,0.8888888888888888
0.06666666666666667,0.64,0.2222222222222222,0.7777777777777777,0.5555555555555556,0.3038744796669869,False,False,False,True,False,0.46666666666666656,0.05112966601178781,0.3888888888888889
0.4444444444444445,0.8800000000000001,0.6666666666666665,0.2222222222222222,0.0,0.5472302273455012,False,False,True,False,False,0.13333333333333333,0.28725165562913907,0.33333333333333326
0.055555555555555566,1.0,0.4444444444444445,0.7777777777777777,0.2222222222222222,0.3791226384886327,False,False,True,False,False,0.46666666666666656,0.04028325980961226,0.33333333333333337
0.09999999999999999,0.3866666666666667,0.2222222222222222,0.8888888888888888,0.8888888888888888,0.2760166506564201,False,False,False,False,True,0.5333333333333333,0.07836888331242158,0.5555555555555556
0.5111111111111111,0.6133333333333334,0.3333333333333333,0.7777777777777777,0.2222222222222222,0.5024015369836696,False,False,False,True,False,0.46666666666666656,0.3401960784313725,0.2777777777777778
0.3777777777777778,0.10666666666666667,0.7777777777777777,0.6666666666666665,0.3333333333333333,0.26288824847902653,False,False,False,True,False,0.3999999999999999,0.29913793103448283,0.5555555555555555
0.011111111111111113,0.4933333333333334,0.1111111111111111,0.4444444444444445,0.7777777777777777,0.2625680435478706,False,False,False,True,False,0.26666666666666666,0.008800405782399191,0.4444444444444444
0.7666666666666666,0.68,0.2222222222222222,0.8888888888888888,0.0,0.6378482228626321,False,False,False,True,False,0.5333333333333333,0.4680938416422287,0.1111111111111111
0.2777777777777778,0.6933333333333334,1.0,0.3333333333333333,1.0,0.5241754723022733,True,False,False,False,False,0.19999999999999998,0.18224789915966388,1.0
0.1777777777777778,0.17333333333333334,0.1111111111111111,0.2222222222222222,0.6666666666666665,0.23503041946845982,False,True,False,False,False,0.13333333333333333,0.14394607207674362,0.38888888888888884
0.15555555555555556,0.92,0.6666666666666665,1.0,0.5555555555555556,0.44828690361831575,True,False,False,False,False,0.6,0.10740658854742428,0.611111111111111
0.8111111111111111,0.4133333333333334,0.8888888888888888,0.8888888888888888,0.2222222222222222,0.5994236311239192,False,False,False,True,False,0.5333333333333333,0.5071271271271272,0.5555555555555556
0.7555555555555555,0.4,0.4444444444444445,0.3333333333333333,1.0,0.6938840858149216,False,False,False,True,False,0.19999999999999998,0.44604914933837425,0.7222222222222222
0.8333333333333334,0.053333333333333344,0.1111111111111111,0.8888888888888888,0.2222222222222222,0.48254883125200126,True,False,False,False,False,0.5333333333333333,0.5620950323974082,0.16666666666666666
0.055555555555555566,0.5333333333333334,0.8888888888888888,0.5555555555555556,0.3333333333333333,0.23471021453730384,True,False,False,False,False,0.3333333333333333,0.044994813278008305,0.611111111111111
0.06666666666666667,0.8133333333333334,0.8888888888888888,0.1111111111111111,0.5555555555555556,0.3893691962856228,False,False,False,False,True,0.06666666666666667,0.04798340631481909,0.7222222222222222
0.04444444444444444,0.14666666666666667,0.6666666666666665,0.4444444444444445,0.1111111111111111,0.06083893691962855,False,False,True,False,False,0.26666666666666666,0.04189556293389677,0.38888888888888884
0.7444444444444445,0.2933333333333334,0.4444444444444445,0.7777777777777777,0.7777777777777777,0.6016650656420108,False,False,True,False,False,0.46666666666666656,0.4647940823670532,0.611111111111111
0.5666666666666667,0.45333333333333337,0.6666666666666665,1.0,0.2222222222222222,0.4691002241434518,False,True,False,False,False,0.6,0.3857236268526591,0.44444444444444436
0.7666666666666666,0.64,0.5555555555555556,0.6666666666666665,0.4444444444444445,0.6951649055395452,False,False,True,False,False,0.3999999999999999,0.4522667170381564,0.5
0.5888888888888889,0.9866666666666668,0.5555555555555556,0.2222222222222222,0.3333333333333333,0.7169388408581492,True,False,False,False,False,0.13333333333333333,0.34298769116001493,0.4444444444444444
0.9111111111111112,0.34666666666666673,0.0,0.7777777777777777,0.0,0.6048671149535703,False,False,False,False,True,0.46666666666666656,0.5677174780526737,0.0
0.7555555555555555,0.44000000000000006,0.6666666666666665,1.0,0.5555555555555556,0.6211975664425231,False,True,False,False,False,0.6,0.4660477977483706,0.611111111111111
1.0,0.16000000000000003,0.0,1.0,0.2222222222222222,0.6131924431636246,False,False,False,True,False,0.6,0.6198888447796745,0.1111111111111111
0.24444444444444446,0.026666666666666672,0.3333333333333333,1.0,0.3333333333333333,0.1456932436759526,False,True,False,False,False,0.6,0.21335941866964786,0.3333333333333333
0.5222222222222221,0.4266666666666667,0.8888888888888888,0.5555555555555556,0.8888888888888888,0.5453089977585655,True,False,False,False,False,0.3333333333333333,0.33794032324906753,0.8888888888888888
0.5777777777777777,0.7466666666666667,0.6666666666666665,0.3333333333333333,1.0,0.7162984309958373,False,False,False,False,True,0.19999999999999998,0.3366417910447761,0.8333333333333333
0.7444444444444445,0.5066666666666667,0.6666666666666665,0.3333333333333333,0.8888888888888888,0.7098943323727185,False,False,False,True,False,0.19999999999999998,0.435374531835206,0.7777777777777777
0.5,1.0,0.8888888888888888,0.7777777777777777,0.2222222222222222,0.6352865834133845,False,False,True,False,False,0.46666666666666656,0.30575680438613667,0.5555555555555556
0.8555555555555555,0.92,0.2222222222222222,0.0,0.6666666666666665,0.9023374959974384,False,False,False,False,True,0.0,0.44973910116142063,0.44444444444444436
0.611111111111111,0.34666666666666673,0.2222222222222222,0.1111111111111111,1.0,0.5991034261927632,False,False,False,True,False,0.06666666666666667,0.38215859030837,0.6111111111111112
0.8444444444444444,0.4800000000000001,0.7777777777777777,0.7777777777777777,0.1111111111111111,0.6304835094460455,False,False,True,False,False,0.46666666666666656,0.517910447761194,0.4444444444444444
0.7333333333333333,0.68,0.6666666666666665,1.0,0.3333333333333333,0.6628242074927952,False,False,False,True,False,0.6,0.4410167533217793,0.4999999999999999
0.9666666666666666,0.3866666666666667,0.4444444444444445,0.6666666666666665,0.0,0.6551392891450527,False,False,True,False,False,0.3999999999999999,0.5840394660475914,0.22222222222222224
0.7111111111111111,0.7066666666666668,1.0,1.0,0.2222222222222222,0.6436119116234389,False,False,False,True,False,0.6,0.43265147087473216,0.6111111111111112
0.8555555555555555,0.09333333333333334,0.8888888888888888,0.1111111111111111,0.3333333333333333,0.5526737111751521,False,False,False,True,False,0.06666666666666667,0.5510208290369148,0.611111111111111
0.8333333333333334,0.9466666666666668,0.4444444444444445,1.0,0.7777777777777777,0.8805635606788345,False,False,True,False,False,0.6,0.44312957602588116,0.611111111111111
0.7444444444444445,0.34666666666666673,0.3333333333333333,0.3333333333333333,0.3333333333333333,0.5722062119756643,True,False,False,False,False,0.19999999999999998,0.47350305498981676,0.3333333333333333
0.8333333333333334,0.2666666666666667,0.1111111111111111,0.0,0.7777777777777777,0.6701889209093821,False,False,False,True,False,0.0,0.49894555214723924,0.4444444444444444
0.3666666666666667,0.14666666666666667,1.0,0.4444444444444445,0.3333333333333333,0.2785782901056676,False,True,False,False,False,0.26666666666666666,0.2867768595041323,0.6666666666666666
0.4888888888888889,0.026666666666666672,1.0,0.7777777777777777,1.0,0.39032981107909065,False,False,True,False,False,0.46666666666666656,0.3516351911561492,1.0
0.41111111111111115,0.7600000000000001,0.7777777777777777,1.0,0.5555555555555556,0.5379442843419788,False,True,False,False,False,0.6,0.26731209660628774,0.6666666666666666
0.13333333333333336,0.14666666666666667,0.2222222222222222,0.8888888888888888,0.2222222222222222,0.11271213576689082,False,True,False,False,False,0.5333333333333333,0.11982733812949643,0.2222222222222222
0.9111111111111112,0.24000000000000005,0.7777777777777777,0.4444444444444445,0.0,0.5779699007364714,False,False,False,True,False,0.26666666666666666,0.5773944805194806,0.38888888888888884
0.15555555555555556,0.22666666666666668,0.0,0.7777777777777777,0.0,0.1261607428754403,False,True,False,False,False,0.46666666666666656,0.13812908729030424,0.0
0.6444444444444444,0.6133333333333334,0.4444444444444445,0.2222222222222222,0.3333333333333333,0.6144732628882486,False,False,False,True,False,0.13333333333333333,0.399166997223324,0.3888888888888889
0.011111111111111113,0.24000000000000005,0.1111111111111111,0.2222222222222222,0.0,0.0669228306115914,False,True,False,False,False,0.13333333333333333,0.010414165666266509,0.05555555555555555
0.8222222222222222,0.21333333333333337,0.3333333333333333,0.1111111111111111,0.3333333333333333,0.5766890810118475,False,False,True,False,False,0.06666666666666667,0.5214865962632007,0.3333333333333333
0.26666666666666666,0.9733333333333334,0.6666666666666665,0.3333333333333333,0.4444444444444445,0.5385846942042907,False,False,False,True,False,0.19999999999999998,0.1733194588969823,0.5555555555555555
0.7333333333333333,0.6533333333333334,0.3333333333333333,0.0,0.4444444444444445,0.7038104386807558,False,False,False,True,False,0.0,0.43040781807930834,0.3888888888888889
0.6,0.7733333333333334,1.0,0.0,0.4444444444444445,0.6701889209093821,False,False,True,False,False,0.0,0.35924079754601224,0.7222222222222222
0.7555555555555555,0.6533333333333334,1.0,0.3333333333333333,0.3333333333333333,0.6890810118475823,False,False,False,True,False,0.19999999999999998,0.44731753554502374,0.6666666666666666
0.2777777777777778,0.3066666666666667,0.5555555555555556,0.0,0.3333333333333333,0.30035222542427154,False,False,True,False,False,0.0,0.21361733563161786,0.4444444444444444
0.45555555555555555,0.6666666666666667,0.0,0.3333333333333333,0.5555555555555556,0.552993916106308,True,False,False,False,False,0.19999999999999998,0.293340206185567,0.2777777777777778
0.16666666666666669,0.12000000000000001,1.0,0.0,1.0,0.26512968299711814,False,False,True,False,False,0.0,0.1317388003037206,1.0
0.8444444444444444,0.8133333333333334,1.0,0.7777777777777777,0.2222222222222222,0.7665706051873198,False,False,False,False,True,0.46666666666666656,0.47801341308682255,0.6111111111111112
0.4888888888888889,0.1866666666666667,0.7777777777777777,0.1111111111111111,0.2222222222222222,0.3589497278258085,False,False,False,False,True,0.06666666666666667,0.35975494816211123,0.49999999999999994
0.022222222222222213,0.44000000000000006,0.7777777777777777,0.5555555555555556,0.4444444444444445,0.1978866474543708,False,True,False,False,False,0.3333333333333333,0.018551189521518303,0.611111111111111
0.5222222222222221,0.2,0.2222222222222222,0.7777777777777777,1.0,0.4719820685238552,False,False,False,False,True,0.46666666666666656,0.35477485316510765,0.6111111111111112
0.34444444444444444,0.22666666666666668,0.7777777777777777,0.4444444444444445,0.7777777777777777,0.35862952289465255,False,False,True,False,False,0.26666666666666666,0.2535234503888758,0.7777777777777777
0.2888888888888889,0.053333333333333344,0.5555555555555556,0.3333333333333333,0.3333333333333333,0.20397054114633367,False,False,False,True,False,0.19999999999999998,0.2399468085106383,0.4444444444444444
0.22222222222222227,0.16000000000000003,0.6666666666666665,0.7777777777777777,1.0,0.2846621837976305,True,False,False,False,False,0.46666666666666656,0.1729810568295115,0.8333333333333333
0.4444444444444445,0.8266666666666668,0.5555555555555556,0.0,0.6666666666666665,0.6317643291706692,False,True,False,False,False,0.0,0.27237048665620095,0.611111111111111
0.7777777777777778,0.7466666666666667,1.0,0.1111111111111111,0.3333333333333333,0.7431956452129362,False,False,False,False,True,0.06666666666666667,0.4461792799412197,0.6666666666666666
0.18888888888888888,0.9066666666666667,0.4444444444444445,0.8888888888888888,0.6666666666666665,0.48254883125200126,False,False,False,False,True,0.5333333333333333,0.12740820734341252,0.5555555555555555
0.08888888888888889,0.7066666666666668,0.8888888888888888,0.1111111111111111,0.1111111111111111,0.29971181556195964,False,True,False,False,False,0.06666666666666667,0.06839122936683913,0.5
0.22222222222222227,0.7333333333333334,0.0,0.7777777777777777,0.1111111111111111,0.3631123919308357,True,False,False,False,False,0.46666666666666656,0.16302560488607004,0.05555555555555555
0.21111111111111114,0.9733333333333334,0.0,1.0,0.0,0.4194684598142811,False,False,False,False,True,0.6,0.14872546808030682,0.0
0.055555555555555566,0.92,0.5555555555555556,0.8888888888888888,0.8888888888888888,0.44252321485750873,False,True,False,False,False,0.5333333333333333,0.03851276359600445,0.7222222222222222
0.23333333333333334,0.09333333333333334,1.0,0.3333333333333333,0.2222222222222222,0.17034902337496,False,False,False,False,True,0.19999999999999998,0.19937072503419973,0.6111111111111112
0.7666666666666666,0.8400000000000001,0.3333333333333333,1.0,0.7777777777777777,0.8037143772014088,False,False,False,True,False,0.6,0.4250488194567726,0.5555555555555555
0.9111111111111112,0.17333333333333334,0.7777777777777777,0.8888888888888888,0.0,0.5385846942042907,False,True,False,False,False,0.5333333333333333,0.592174817898023,0.38888888888888884
0.16666666666666669,0.68,0.6666666666666665,0.0,0.6666666666666665,0.41882804995196926,False,True,False,False,False,0.0,0.1174678402166554,0.6666666666666665
0.4777777777777778,0.4,1.0,0.2222222222222222,0.1111111111111111,0.409542106948447,False,False,False,False,True,0.13333333333333333,0.3389595638346206,0.5555555555555556
0.8222222222222222,0.5733333333333334,0.4444444444444445,0.0,0.6666666666666665,0.7582452769772654,False,False,False,False,True,0.0,0.46763795301402294,0.5555555555555555
0.6333333333333333,0.8533333333333334,0.7777777777777777,1.0,0.3333333333333333,0.6676272814601345,False,False,False,False,True,0.6,0.3797811059907834,0.5555555555555555
0.7555555555555555,0.8,0.4444444444444445,0.0,0.7777777777777777,0.8174831892411143,True,False,False,False,False,0.0,0.4157152924594785,0.611111111111111
0.33333333333333337,0.3866666666666667,0.3333333333333333,1.0,1.0,0.42267050912584053,False,False,False,False,True,0.6,0.23430114787305878,0.6666666666666666
0.5222222222222221,0.4666666666666667,0.1111111111111111,0.3333333333333333,0.3333333333333333,0.4873519052193403,False,False,False,False,True,0.19999999999999998,0.3511087190527449,0.2222222222222222
0.8222222222222222,0.5733333333333334,0.3333333333333333,0.5555555555555556,0.5555555555555556,0.7230227345501121,False,False,False,False,True,0.3333333333333333,0.47719754692436345,0.4444444444444444
0.7,0.5333333333333334,0.3333333333333333,0.5555555555555556,0.7777777777777777,0.6701889209093821,False,True,False,False,False,0.3333333333333333,0.41911426380368094,0.5555555555555555
0.1444444444444445,0.6000000000000001,0.0,0.2222222222222222,0.6666666666666665,0.3695164905539545,False,False,False,False,True,0.13333333333333333,0.10547112462006082,0.33333333333333326
0.4222222222222222,0.21333333333333337,0.8888888888888888,0.1111111111111111,0.1111111111111111,0.3141210374639769,False,True,False,False,False,0.06666666666666667,0.3212962962962963,0.5
0.7555555555555555,0.17333333333333334,0.2222222222222222,0.4444444444444445,0.1111111111111111,0.4803073967339097,False,False,True,False,False,0.26666666666666666,0.5104044992429159,0.16666666666666666
0.33333333333333337,0.7066666666666668,0.5555555555555556,1.0,0.7777777777777777,0.5059237912263848,False,False,True,False,False,0.6,0.22134807569636405,0.6666666666666666
0.7999999999999999,0.7466666666666667,0.3333333333333333,0.2222222222222222,1.0,0.8482228626320845,False,True,False,False,False,0.13333333333333333,0.4328482328482328,0.6666666666666666
0.5777777777777777,0.7466666666666667,0.5555555555555556,0.2222222222222222,0.5555555555555556,0.6560999039385207,True,False,False,False,False,0.13333333333333333,0.34887857695282287,0.5555555555555556
0.2777777777777778,0.9600000000000002,1.0,0.7777777777777777,0.7777777777777777,0.5728466218379762,True,False,False,False,False,0.46666666666666656,0.1766083061889251,0.8888888888888888
0.0,0.22666666666666668,0.4444444444444445,1.0,1.0,0.17291066282420747,True,False,False,False,False,0.6,0.0,0.7222222222222222
0.9333333333333333,0.013333333333333336,1.0,1.0,0.4444444444444445,0.5539545308997758,True,False,False,False,False,0.6,0.6006181743251597,0.7222222222222222
0.41111111111111115,0.9866666666666668,0.7777777777777777,0.7777777777777777,0.8888888888888888,0.675312199807877,False,False,False,False,True,0.46666666666666656,0.24539373088685018,0.8333333333333333
0.9333333333333333,0.13333333333333336,0.5555555555555556,0.3333333333333333,0.3333333333333333,0.6042267050912584,False,True,False,False,False,0.19999999999999998,0.5817964071856288,0.4444444444444444
0.3666666666666667,0.3866666666666667,0.6666666666666665,0.1111111111111111,0.2222222222222222,0.3605507524815882,False,False,False,True,False,0.06666666666666667,0.26949870557778305,0.44444444444444436
0.9333333333333333,0.026666666666666672,0.2222222222222222,0.8888888888888888,0.0,0.4985590778097982,False,False,True,False,False,0.5333333333333333,0.6228205128205129,0.1111111111111111
0.7777777777777778,0.0,0.4444444444444445,1.0,0.1111111111111111,0.41146333653538264,True,False,False,False,False,0.6,0.5510435571687841,0.2777777777777778
0.055555555555555566,0.8266666666666668,0.0,0.8888888888888888,1.0,0.4249119436439321,False,False,False,True,False,0.5333333333333333,0.03898876404494383,0.5
0.06666666666666667,0.16000000000000003,0.0,1.0,0.1111111111111111,0.05923791226384886,False,False,False,False,True,0.6,0.06293833131801693,0.05555555555555555
0.18888888888888888,0.5066666666666667,0.4444444444444445,0.1111111111111111,0.4444444444444445,0.3333333333333333,False,False,True,False,False,0.06666666666666667,0.14166666666666666,0.4444444444444445
0.45555555555555555,0.4133333333333334,0.1111111111111111,0.5555555555555556,0.0,0.3739993595901377,True,False,False,False,False,0.3333333333333333,0.3315544162199953,0.05555555555555555
0.6666666666666666,0.33333333333333337,0.8888888888888888,0.3333333333333333,0.7777777777777777,0.5866154338776817,False,False,False,True,False,0.19999999999999998,0.4201816347124117,0.8333333333333333
0.41111111111111115,0.12000000000000001,0.0,1.0,0.6666666666666665,0.32340698046749916,False,False,False,False,True,0.6,0.31064601984030976,0.33333333333333326
0.3111111111111111,0.5733333333333334,0.4444444444444445,0.0,0.7777777777777777,0.47966698687159787,True,False,False,False,False,0.0,0.21025752001731227,0.611111111111111
0.8777777777777778,0.52,1.0,0.3333333333333333,0.2222222222222222,0.6954851104707012,False,False,True,False,False,0.19999999999999998,0.5177148253068933,0.6111111111111112
1.0,0.9600000000000002,0.1111111111111111,0.1111111111111111,0.1111111111111111,0.9161063080371437,True,False,False,False,False,0.06666666666666667,0.5218917112299466,0.1111111111111111
0.4000000000000001,0.52,0.3333333333333333,0.2222222222222222,0.7777777777777777,0.5040025616394492,False,False,False,True,False,0.13333333333333333,0.26595699382584637,0.5555555555555555
0.3888888888888889,0.22666666666666668,0.6666666666666665,0.8888888888888888,0.6666666666666665,0.3528658341338456,False,False,False,False,True,0.5333333333333333,0.28745562130177515,0.6666666666666665
0.22222222222222227,0.5866666666666667,0.3333333333333333,0.5555555555555556,0.8888888888888888,0.43003522254242715,False,False,True,False,False,0.3333333333333333,0.15539632781012094,0.611111111111111
0.26666666666666666,0.9333333333333333,0.2222222222222222,0.1111111111111111,0.2222222222222222,0.499839897534422,False,True,False,False,False,0.06666666666666667,0.17779675491033303,0.2222222222222222
0.9666666666666666,0.08,0.2222222222222222,0.6666666666666665,0.6666666666666665,0.6407300672430354,False,False,False,True,False,0.3999999999999999,0.589168618266979,0.44444444444444436
0.7,0.7333333333333334,0.0,0.4444444444444445,0.6666666666666665,0.7300672430355426,True,False,False,False,False,0.26666666666666666,0.40460855080510827,0.33333333333333326
0.23333333333333334,0.2,0.5555555555555556,0.6666666666666665,0.8888888888888888,0.29330771693884083,False,True,False,False,False,0.3999999999999999,0.18041594454072793,0.7222222222222222
0.5666666666666667,0.7066666666666668,0.1111111111111111,0.8888888888888888,0.6666666666666665,0.6282420749279538,False,False,False,False,True,0.5333333333333333,0.348023598820059,0.38888888888888884
0.8999999999999999,0.52,0.8888888888888888,0.3333333333333333,0.4444444444444445,0.7403138008325327,False,False,False,False,True,0.19999999999999998,0.5171481140754369,0.6666666666666666
0.6777777777777778,0.21333333333333337,0.2222222222222222,1.0,1.0,0.558757604867115,False,False,False,True,False,0.6,0.4348192276088743,0.6111111111111112
0.5888888888888889,0.92,1.0,0.3333333333333333,0.2222222222222222,0.6730707652897854,True,False,False,False,False,0.19999999999999998,0.35198086124401917,0.6111111111111112
0.4222222222222222,0.22666666666666668,0.0,0.3333333333333333,0.7777777777777777,0.40730067243035534,False,True,False,False,False,0.19999999999999998,0.3000227531285552,0.38888888888888884
0.2555555555555556,0.10666666666666667,0.1111111111111111,0.2222222222222222,0.3333333333333333,0.20781300032020494,False,False,False,True,False,0.13333333333333333,0.21158536585365856,0.2222222222222222
0.4777777777777778,0.22666666666666668,0.8888888888888888,0.0,0.3333333333333333,0.3868075568363753,False,True,False,False,False,0.0,0.3445162779958439,0.611111111111111
0.33333333333333337,0.32000000000000006,0.1111111111111111,0.6666666666666665,0.6666666666666665,0.36215177713736785,False,False,False,False,True,0.3999999999999999,0.24471086036671372,0.38888888888888884
0.022222222222222213,0.92,0.5555555555555556,0.3333333333333333,0.3333333333333333,0.36247198206852377,False,False,False,False,True,0.19999999999999998,0.016310223266745,0.4444444444444444
0.13333333333333336,0.6933333333333334,1.0,0.4444444444444445,0.8888888888888888,0.4210694844700608,False,False,False,True,False,0.26666666666666666,0.09382604776926545,0.9444444444444444
0.9444444444444444,0.4,0.5555555555555556,0.3333333333333333,0.4444444444444445,0.722702529618956,False,False,False,True,False,0.19999999999999998,0.5482342007434945,0.5
0.7333333333333333,0.7066666666666668,1.0,0.3333333333333333,0.3333333333333333,0.6954851104707012,False,False,False,True,False,0.19999999999999998,0.4325212464589235,0.6666666666666666
0.4222222222222222,0.8533333333333334,0.4444444444444445,0.8888888888888888,1.0,0.6458533461415306,False,True,False,False,False,0.5333333333333333,0.25653696498054473,0.7222222222222222
0.21111111111111114,0.6533333333333334,0.6666666666666665,0.7777777777777777,0.7777777777777777,0.4239513288504643,True,False,False,False,False,0.46666666666666656,0.14825725208005397,0.7222222222222221
0.3777777777777778,0.56,0.7777777777777777,0.4444444444444445,1.0,0.5299391610630804,False,False,True,False,False,0.26666666666666666,0.24692339891167855,0.8888888888888888
0.5777777777777777,0.6533333333333334,0.8888888888888888,0.6666666666666665,0.4444444444444445,0.5910983029138648,False,False,False,False,True,0.3999999999999999,0.3631314147715838,0.6666666666666666
0.8888888888888888,0.04000000000000001,0.2222222222222222,1.0,0.8888888888888888,0.6019852705731668,False,False,False,True,False,0.6,0.5548670797521487,0.5555555555555556
0.03333333333333334,0.6933333333333334,0.4444444444444445,0.3333333333333333,0.7777777777777777,0.3512648094780659,False,True,False,False,False,0.19999999999999998,0.024668246445497637,0.611111111111111
0.8444444444444444,0.24000000000000005,0.0,0.5555555555555556,0.3333333333333333,0.5837335894972782,True,False,False,False,False,0.3333333333333333,0.5331985442782047,0.16666666666666666
0.9333333333333333,0.8666666666666667,0.3333333333333333,0.0,0.6666666666666665,0.9279538904899134,True,False,False,False,False,0.0,0.48410563029397113,0.4999999999999999
0.8666666666666667,0.33333333333333337,0.4444444444444445,0.4444444444444445,0.5555555555555556,0.6660262568043547,False,False,False,True,False,0.26666666666666666,0.5201998846819144,0.5
1.0,0.5866666666666667,0.7777777777777777,0.6666666666666665,0.6666666666666665,0.8424591738712777,True,False,False,False,False,0.3999999999999999,0.5427528675703858,0.7222222222222221
0.1777777777777778,0.14666666666666667,0.1111111111111111,0.5555555555555556,0.0,0.11783541466538583,False,False,False,False,True,0.3333333333333333,0.15903752506445146,0.05555555555555555
0.08888888888888889,0.17333333333333334,0.1111111111111111,1.0,0.3333333333333333,0.10886967659301952,False,False,False,True,False,0.6,0.08016170950043315,0.2222222222222222
0.5777777777777777,0.92,0.0,0.4444444444444445,0.0,0.6308037143772014,False,False,False,True,False,0.26666666666666666,0.3542902022383664,0.0
0.5444444444444444,0.8666666666666667,0.2222222222222222,0.2222222222222222,0.7777777777777777,0.7121357668908099,True,False,False,False,False,0.13333333333333333,0.317991397045072,0.49999999999999994
0.3111111111111111,0.1866666666666667,0.2222222222222222,0.6666666666666665,0.3333333333333333,0.25328210054434835,False,True,False,False,False,0.3999999999999999,0.24823709759836485,0.2777777777777778
0.4777777777777778,0.9866666666666668,0.3333333333333333,0.5555555555555556,1.0,0.7374319564521294,False,False,False,False,True,0.3333333333333333,0.2749907851087357,0.6666666666666666
0.16666666666666669,0.8400000000000001,0.6666666666666665,0.1111111111111111,0.6666666666666665,0.47262247838616706,False,False,False,False,True,0.06666666666666667,0.11317677756033923,0.6666666666666665
0.7333333333333333,0.7600000000000001,0.4444444444444445,1.0,0.1111111111111111,0.659622158181236,False,False,False,False,True,0.6,0.44186764422149327,0.2777777777777778
0.5333333333333333,0.1866666666666667,0.2222222222222222,1.0,0.7777777777777777,0.4338776817162984,True,False,False,False,False,0.6,0.3719517641804377,0.49999999999999994
0.06666666666666667,0.33333333333333337,0.7777777777777777,0.4444444444444445,0.7777777777777777,0.23695164905539545,True,False,False,False,False,0.26666666666666666,0.05389593580119078,0.7777777777777777
0.4333333333333334,0.6666666666666667,0.4444444444444445,0.5555555555555556,0.6666666666666665,0.5485110470701249,False,True,False,False,False,0.3333333333333333,0.2798387096774194,0.5555555555555555
0.3777777777777778,0.1866666666666667,0.4444444444444445,0.6666666666666665,0.5555555555555556,0.3237271853986551,False,False,False,False,True,0.3999999999999999,0.2853894533139817,0.5
0.8888888888888888,0.52,0.0,0.7777777777777777,0.6666666666666665,0.7505603586295229,False,False,True,False,False,0.46666666666666656,0.5077739162246204,0.33333333333333326
0.9111111111111112,0.4800000000000001,0.8888888888888888,0.0,0.7777777777777777,0.7918667947486391,True,False,False,False,False,0.0,0.5084703359542531,0.8333333333333333
0.13333333333333336,0.56,0.4444444444444445,0.4444444444444445,0.3333333333333333,0.2929875120076849,False,False,False,False,True,0.26666666666666666,0.10312035661218429,0.3888888888888889
0.18888888888888888,1.0,0.0,0.2222222222222222,0.7777777777777777,0.5552353506243997,False,False,True,False,False,0.13333333333333333,0.12145357216388716,0.38888888888888884
0.6777777777777778,0.3866666666666667,0.0,0.1111111111111111,1.0,0.6519372398334933,False,False,True,False,False,0.06666666666666667,0.4102926923822447,0.5
0.8666666666666667,0.4666666666666667,0.1111111111111111,0.5555555555555556,0.0,0.6301633045148896,False,False,False,False,True,0.3333333333333333,0.5316440777843253,0.05555555555555555
0.45555555555555555,0.64,0.0,0.2222222222222222,0.1111111111111111,0.4831892411143131,False,False,True,False,False,0.13333333333333333,0.30714594127806566,0.05555555555555555
0.34444444444444444,0.17333333333333334,0.2222222222222222,0.6666666666666665,0.2222222222222222,0.25168107588856864,False,False,True,False,False,0.3999999999999999,0.27518546942952166,0.2222222222222222
0.7333333333333333,0.9733333333333334,0.2222222222222222,0.0,0.1111111111111111,0.7710534742235031,False,False,False,True,False,0.0,0.41406617248237204,0.16666666666666666
0.15555555555555556,0.2,0.7777777777777777,0.1111111111111111,0.8888888888888888,0.2676913224463656,False,False,False,False,True,0.06666666666666667,0.12270775448345542,0.8333333333333333
0.3888888888888889,0.34666666666666673,0.2222222222222222,0.5555555555555556,0.5555555555555556,0.39161063080371444,True,False,False,False,False,0.3333333333333333,0.2794523699953981,0.3888888888888889
0.16666666666666669,0.9066666666666667,0.5555555555555556,0.6666666666666665,0.7777777777777777,0.49343579891130324,False,False,True,False,False,0.3999999999999999,0.11159948542024016,0.6666666666666666
0.07777777777777777,0.16000000000000003,0.5555555555555556,0.0,0.8888888888888888,0.21229586935638806,False,True,False,False,False,0.0,0.06415742208135233,0.7222222222222222
0.5666666666666667,0.8400000000000001,1.0,0.7777777777777777,0.7777777777777777,0.696125520333013,False,True,False,False,False,0.46666666666666656,0.334094770624882,0.8888888888888888
0.7555555555555555,0.14666666666666667,0.7777777777777777,0.5555555555555556,0.2222222222222222,0.4828690361831572,False,False,False,True,False,0.3333333333333333,0.509522781256748,0.49999999999999994
0.45555555555555555,0.2933333333333334,0.1111111111111111,1.0,0.7777777777777777,0.42747358309317957,True,False,False,False,False,0.6,0.3191341408703455,0.4444444444444444
0.7888888888888889,0.13333333333333336,0.7777777777777777,0.8888888888888888,0.0,0.4537303874479666,True,False,False,False,False,0.5333333333333333,0.5426651982378855,0.38888888888888884
0.6777777777777778,0.32000000000000006,1.0,0.4444444444444445,0.4444444444444445,0.5363432596861992,False,False,False,False,True,0.26666666666666666,0.44116298457690706,0.7222222222222222
0.3111111111111111,0.3866666666666667,1.0,0.8888888888888888,1.0,0.4137047710534742,False,True,False,False,False,0.5333333333333333,0.22006795016987543,1.0
0.04444444444444444,0.6133333333333334,0.1111111111111111,0.0,0.8888888888888888,0.356388088376561,True,False,False,False,False,0.0,0.032766761095372986,0.5
1.0,0.12000000000000001,0.6666666666666665,0.4444444444444445,0.0,0.5859750240153698,False,False,False,False,True,0.26666666666666666,0.630526953361599,0.33333333333333326
0.18888888888888888,0.026666666666666672,0.3333333333333333,0.4444444444444445,0.8888888888888888,0.21293627921869995,False,False,True,False,False,0.26666666666666666,0.1557286166842661,0.611111111111111
0.23333333333333334,0.25333333333333335,0.8888888888888888,0.5555555555555556,0.2222222222222222,0.22030099263528657,False,False,True,False,False,0.3333333333333333,0.19120965625819994,0.5555555555555556
0.16666666666666669,0.4800000000000001,0.2222222222222222,0.8888888888888888,0.3333333333333333,0.2680115273775216,False,True,False,False,False,0.5333333333333333,0.13143939393939394,0.2777777777777778
0.0,0.8533333333333334,0.5555555555555556,0.4444444444444445,0.4444444444444445,0.3378162023695165,False,False,True,False,False,0.26666666666666666,0.0,0.5
0.8999999999999999,0.33333333333333337,0.5555555555555556,0.7777777777777777,0.0,0.5936599423631124,False,False,True,False,False,0.46666666666666656,0.5647377938517179,0.2777777777777778
0.7777777777777778,0.9066666666666667,1.0,0.6666666666666665,0.7777777777777777,0.8456612231828371,True,False,False,False,False,0.3999999999999999,0.4214087439278279,0.8888888888888888
1.0,0.7733333333333334,0.8888888888888888,0.3333333333333333,0.0,0.8251681075888568,False,False,False,True,False,0.19999999999999998,0.5478947368421053,0.4444444444444444
0.21111111111111114,0.8666666666666667,0.4444444444444445,0.4444444444444445,0.2222222222222222,0.4322766570605187,False,False,False,True,False,0.26666666666666666,0.14739548401520233,0.33333333333333337
0.5888888888888889,0.5733333333333334,0.1111111111111111,0.6666666666666665,0.0,0.5046429715017611,False,False,False,True,False,0.3999999999999999,0.39138114492445203,0.05555555555555555
0.9666666666666666,0.053333333333333344,0.5555555555555556,0.1111111111111111,0.0,0.5542747358309317,False,False,False,False,True,0.06666666666666667,0.6219406674907293,0.2777777777777778
0.6,0.9600000000000002,0.3333333333333333,0.6666666666666665,0.7777777777777777,0.7624079410822926,False,True,False,False,False,0.3999999999999999,0.34044331395348837,0.5555555555555555
0.9222222222222223,0.7866666666666667,0.5555555555555556,0.5555555555555556,1.0,0.9215497918667948,True,False,False,False,False,0.3333333333333333,0.4799366772204633,0.7777777777777778
0.1777777777777778,0.1866666666666667,0.4444444444444445,0.5555555555555556,0.4444444444444445,0.19628562279859108,False,True,False,False,False,0.3333333333333333,0.14860813704496792,0.4444444444444445
0.35555555555555557,0.33333333333333337,0.6666666666666665,0.4444444444444445,0.1111111111111111,0.3073967339097022,False,False,False,True,False,0.26666666666666666,0.27195689444036253,0.38888888888888884
0.6222222222222222,0.5333333333333334,0.3333333333333333,0.2222222222222222,0.0,0.5248158821645854,False,False,True,False,False,0.13333333333333333,0.40806383872322555,0.16666666666666666
0.9777777777777779,0.21333333333333337,0.0,0.2222222222222222,0.1111111111111111,0.6304835094460455,False,True,False,False,False,0.13333333333333333,0.5996857816182247,0.05555555555555555
0.8333333333333334,0.3066666666666667,0.6666666666666665,0.1111111111111111,0.6666666666666665,0.664745437079731,False,False,False,False,True,0.06666666666666667,0.5005770340450086,0.6666666666666665
0.1444444444444445,0.0,0.4444444444444445,0.7777777777777777,0.1111111111111111,0.054114633365353826,True,False,False,False,False,0.46666666666666656,0.13702916160388826,0.2777777777777778
0.7555555555555555,0.0,0.3333333333333333,0.1111111111111111,1.0,0.5574767851424911,True,False,False,False,False,0.06666666666666667,0.48511513157894737,0.6666666666666666
0.18888888888888888,0.5333333333333334,0.3333333333333333,0.5555555555555556,0.6666666666666665,0.3595901376881204,False,False,False,False,True,0.3333333333333333,0.13893075836081017,0.4999999999999999
0.41111111111111115,0.8933333333333334,0.6666666666666665,0.5555555555555556,0.1111111111111111,0.537303874479667,True,False,False,False,False,0.3333333333333333,0.26742345344719853,0.38888888888888884
0.15555555555555556,0.7466666666666667,0.1111111111111111,0.0,0.7777777777777777,0.45244956772334294,True,False,False,False,False,0.0,0.10709876543209877,0.4444444444444444
0.8444444444444444,0.8666666666666667,0.0,0.6666666666666665,0.5555555555555556,0.8376560999039386,True,False,False,False,False,0.3999999999999999,0.4595225649067782,0.2777777777777778
0.6777777777777778,0.28,0.8888888888888888,0.3333333333333333,0.1111111111111111,0.4777457572846621,False,True,False,False,False,0.19999999999999998,0.4586565547128928,0.5
0.9333333333333333,0.04000000000000001,0.2222222222222222,0.0,0.1111111111111111,0.5501120717259045,False,True,False,False,False,0.0,0.6021070026853956,0.16666666666666666
0.9111111111111112,0.4666666666666667,0.8888888888888888,0.3333333333333333,0.4444444444444445,0.7275056035862952,False,True,False,False,False,0.19999999999999998,0.5274142724745134,0.6666666666666666
0.5444444444444444,0.8400000000000001,0.1111111111111111,0.5555555555555556,0.7777777777777777,0.691002241434518,False,False,False,True,False,0.3333333333333333,0.3219655368301458,0.4444444444444444
0.8888888888888888,0.6133333333333334,0.0,0.8888888888888888,0.8888888888888888,0.8123599103426191,False,False,False,False,True,0.5333333333333333,0.4904593639575972,0.4444444444444444
0.26666666666666666,0.44000000000000006,0.6666666666666665,0.3333333333333333,0.4444444444444445,0.3464617355107268,False,False,False,False,True,0.19999999999999998,0.19804994054696792,0.5555555555555555
0.21111111111111114,0.9733333333333334,1.0,1.0,0.3333333333333333,0.4674991994876721,False,False,False,False,True,0.6,0.14385773510800787,0.6666666666666666
0.4888888888888889,1.0,0.5555555555555556,0.5555555555555556,0.1111111111111111,0.6205571565802113,False,False,False,False,True,0.3333333333333333,0.30167950997826515,0.33333333333333337
0.3888888888888889,0.8,0.0,0.5555555555555556,0.2222222222222222,0.5068844060198527,True,False,False,False,False,0.3333333333333333,0.25807479813004675,0.1111111111111111
0.9111111111111112,0.7466666666666667,0.3333333333333333,0.2222222222222222,0.1111111111111111,0.7841818764008965,False,False,True,False,False,0.13333333333333333,0.5106604450825557,0.2222222222222222
0.22222222222222227,0.2,0.3333333333333333,0.7777777777777777,0.1111111111111111,0.17098943323727184,False,True,False,False,False,0.46666666666666656,0.18977303800929726,0.2222222222222222
0.6,0.12000000000000001,0.1111111111111111,0.8888888888888888,0.1111111111111111,0.356067883445405,False,True,False,False,False,0.5333333333333333,0.4424557260920897,0.1111111111111111
0.09999999999999999,0.2,0.6666666666666665,1.0,0.3333333333333333,0.1248799231508165,True,False,False,False,False,0.6,0.08889837745516653,0.4999999999999999
0.9111111111111112,0.7200000000000001,0.5555555555555556,0.1111111111111111,0.1111111111111111,0.7784181876400897,False,False,True,False,False,0.06666666666666667,0.5123154483255312,0.33333333333333337
0.04444444444444444,0.5066666666666667,0.7777777777777777,0.2222222222222222,0.7777777777777777,0.29426833173230865,False,False,False,True,False,0.13333333333333333,0.03433943592281048,0.7777777777777777
0.7777777777777778,0.8533333333333334,0.5555555555555556,0.3333333333333333,0.1111111111111111,0.7419148254883123,False,False,False,True,False,0.19999999999999998,0.44650735294117655,0.33333333333333337
0.1777777777777778,0.04000000000000001,0.1111111111111111,0.5555555555555556,0.7777777777777777,0.191482548831252,False,False,True,False,False,0.3333333333333333,0.1492072023649557,0.4444444444444444
0.5333333333333333,0.6000000000000001,0.7777777777777777,0.0,0.0,0.5052833813640729,False,True,False,False,False,0.0,0.3543075941289088,0.38888888888888884
0.6444444444444444,0.4933333333333334,0.7777777777777777,0.2222222222222222,1.0,0.6673070765289786,True,False,False,False,False,0.13333333333333333,0.38651814864605333,0.8888888888888888
0.0,0.14666666666666667,0.8888888888888888,1.0,0.0,0.0,False,False,True,False,False,0.6,0.0,0.4444444444444444
0.6888888888888889,0.04000000000000001,0.5555555555555556,0.1111111111111111,0.2222222222222222,0.42138968940121674,True,False,False,False,False,0.06666666666666667,0.48465870691597207,0.3888888888888889
0.8555555555555555,0.2933333333333334,0.1111111111111111,0.3333333333333333,0.7777777777777777,0.6810758885686838,False,False,False,True,False,0.19999999999999998,0.5089333333333333,0.4444444444444444
0.5,0.8933333333333334,0.8888888888888888,0.2222222222222222,0.4444444444444445,0.6480947806596222,True,False,False,False,False,0.13333333333333333,0.303380610064115,0.6666666666666666
0.7222222222222222,0.3066666666666667,0.8888888888888888,0.1111111111111111,0.6666666666666665,0.6007044508485431,False,False,True,False,False,0.06666666666666667,0.4511902380476095,0.7777777777777777
0.33333333333333337,0.37333333333333335,0.3333333333333333,0.3333333333333333,0.8888888888888888,0.4249119436439321,False,False,False,False,True,0.19999999999999998,0.23393258426966293,0.611111111111111
0.41111111111111115,0.16000000000000003,0.4444444444444445,0.0,0.4444444444444445,0.340377841818764,False,True,False,False,False,0.0,0.3067128523650263,0.4444444444444445
0.3666666666666667,0.8266666666666668,0.4444444444444445,0.1111111111111111,1.0,0.6311239193083573,True,False,False,False,False,0.06666666666666667,0.22479387514723206,0.7222222222222222
0.5,0.7466666666666667,0.8888888888888888,0.1111111111111111,0.2222222222222222,0.5670829330771694,False,False,False,False,True,0.06666666666666667,0.3190641601961586,0.5555555555555556
0.6222222222222222,0.16000000000000003,0.3333333333333333,1.0,0.8888888888888888,0.4915145693243676,False,False,False,True,False,0.6,0.417174753112924,0.611111111111111
0.6333333333333333,0.9733333333333334,0.3333333333333333,0.4444444444444445,0.3333333333333333,0.7300672430355426,False,True,False,False,False,0.26666666666666666,0.3660744031093837,0.3333333333333333
0.9777777777777779,0.6666666666666667,0.6666666666666665,1.0,0.1111111111111111,0.7668908101184757,False,False,True,False,False,0.6,0.5533889090250091,0.38888888888888884
0.24444444444444446,0.68,0.5555555555555556,0.7777777777777777,0.0,0.34069804674991994,False,False,False,True,False,0.46666666666666656,0.18232624791019825,0.2777777777777778
0.15555555555555556,1.0,0.3333333333333333,0.1111111111111111,0.2222222222222222,0.45981428113992956,False,False,True,False,False,0.06666666666666667,0.1065584558017109,0.2777777777777778
0.8666666666666667,0.06666666666666667,0.1111111111111111,0.2222222222222222,0.1111111111111111,0.5136087095741275,True,False,False,False,False,0.13333333333333333,0.5725830336365559,0.1111111111111111
0.611111111111111,0.4266666666666667,0.8888888888888888,0.8888888888888888,0.6666666666666665,0.552993916106308,False,False,False,True,False,0.5333333333333333,0.39350515463917524,0.7777777777777777
0.8888888888888888,0.44000000000000006,0.5555555555555556,0.4444444444444445,0.0,0.6372078130003203,False,False,False,True,False,0.26666666666666666,0.542929786817915,0.2777777777777778
0.7999999999999999,0.2666666666666667,0.1111111111111111,0.6666666666666665,0.5555555555555556,0.5959013768812038,True,False,False,False,False,0.3999999999999999,0.5012841091492777,0.33333333333333337
0.9777777777777779,0.6933333333333334,0.8888888888888888,0.6666666666666665,0.5555555555555556,0.8520653218059557,False,True,False,False,False,0.3999999999999999,0.527939142461964,0.7222222222222222
0.21111111111111114,0.6533333333333334,0.6666666666666665,0.8888888888888888,0.2222222222222222,0.340057636887608,False,False,False,False,True,0.5333333333333333,0.1575388291517324,0.44444444444444436
0.9555555555555555,0.28,0.5555555555555556,0.5555555555555556,0.2222222222222222,0.6461735510726865,True,False,False,False,False,0.3333333333333333,0.5804707255397782,0.3888888888888889
0.03333333333333334,0.8666666666666667,0.6666666666666665,0.6666666666666665,0.0,0.2901056676272814,False,False,True,False,False,0.3999999999999999,0.025837676842889058,0.33333333333333326
0.5666666666666667,0.24000000000000005,0.8888888888888888,0.5555555555555556,0.5555555555555556,0.45565161703490237,False,False,False,False,True,0.3333333333333333,0.3892872855257369,0.7222222222222222
0.4444444444444445,0.13333333333333336,0.3333333333333333,0.7777777777777777,0.4444444444444445,0.32308677553634324,True,False,False,False,False,0.46666666666666656,0.3359148112294289,0.3888888888888889
0.7555555555555555,0.4666666666666667,0.1111111111111111,0.2222222222222222,0.4444444444444445,0.6416906820365034,False,False,False,False,True,0.13333333333333333,0.46023015408621026,0.2777777777777778
0.5,0.56,0.0,0.1111111111111111,0.1111111111111111,0.48382965097662495,False,False,False,True,False,0.06666666666666667,0.336965904186448,0.05555555555555555
0.9888888888888889,0.9866666666666668,0.0,0.0,0.5555555555555556,0.9871918027537623,False,False,True,False,False,0.0,0.49763132452465364,0.2777777777777778
0.8666666666666667,0.7733333333333334,0.6666666666666665,0.1111111111111111,0.3333333333333333,0.804034582132565,False,False,True,False,False,0.06666666666666667,0.4804046858359957,0.4999999999999999
0.9222222222222223,0.28,0.7777777777777777,0.1111111111111111,0.0,0.6103105987832211,False,True,False,False,False,0.06666666666666667,0.5726983495724797,0.38888888888888884
0.5,0.026666666666666672,0.7777777777777777,0.2222222222222222,0.1111111111111111,0.2878642331091899,False,False,True,False,False,0.13333333333333333,0.38823968175037293,0.4444444444444444
0.32222222222222224,0.68,0.0,0.6666666666666665,0.1111111111111111,0.4053794428434197,False,False,False,True,False,0.3999999999999999,0.22927773980405564,0.05555555555555555
0.9444444444444444,0.8533333333333334,0.2222222222222222,0.6666666666666665,0.7777777777777777,0.9225104066602625,False,True,False,False,False,0.3999999999999999,0.49125582944703533,0.49999999999999994
0.7777777777777778,0.5466666666666667,1.0,1.0,0.6666666666666665,0.6884406019852705,False,False,False,False,True,0.6,0.46064858714204443,0.8333333333333333
0.9777777777777779,0.7600000000000001,0.7777777777777777,0.8888888888888888,0.2222222222222222,0.8203650336215176,True,False,False,False,False,0.5333333333333333,0.5371328056288479,0.49999999999999994
0.5444444444444444,0.22666666666666668,0.7777777777777777,0.4444444444444445,0.8888888888888888,0.4899135446685879,False,False,False,False,True,0.26666666666666666,0.3654201590371803,0.8333333333333333
0.34444444444444444,0.013333333333333336,0.5555555555555556,0.7777777777777777,0.2222222222222222,0.19020172910662825,False,True,False,False,False,0.46666666666666656,0.2894000538068335,0.3888888888888889
0.8999999999999999,0.9066666666666667,0.5555555555555556,0.3333333333333333,0.5555555555555556,0.8956131924431634,False,False,False,True,False,0.19999999999999998,0.4747804054054054,0.5555555555555556
0.022222222222222213,0.8666666666666667,0.4444444444444445,0.2222222222222222,0.4444444444444445,0.3631123919308357,False,False,False,False,True,0.13333333333333333,0.016302560488606992,0.4444444444444445
0.2555555555555556,0.7466666666666667,0.8888888888888888,0.6666666666666665,1.0,0.5190521934037784,True,False,False,False,False,0.3999999999999999,0.16823355817875213,0.9444444444444444
0.13333333333333336,0.36000000000000004,0.0,0.2222222222222222,0.3333333333333333,0.228626320845341,False,True,False,False,False,0.13333333333333333,0.10852228303362005,0.16666666666666666
0.23333333333333334,0.6000000000000001,1.0,0.0,0.6666666666666665,0.42843419788664744,True,False,False,False,False,0.0,0.16334902488231337,0.8333333333333333
0.7777777777777778,0.68,0.6666666666666665,1.0,0.1111111111111111,0.6564201088696766,True,False,False,False,False,0.6,0.469553450608931,0.38888888888888884
0.7111111111111111,0.8133333333333334,0.3333333333333333,0.8888888888888888,0.1111111111111111,0.669868715978226,False,False,False,True,False,0.5333333333333333,0.42584851390220524,0.2222222222222222
0.8888888888888888,0.0,1.0,1.0,0.3333333333333333,0.5075248158821646,False,False,False,True,False,0.6,0.5896346644010195,0.6666666666666666
0.8333333333333334,0.6666666666666667,0.6666666666666665,0.2222222222222222,0.8888888888888888,0.8226064681396092,False,False,False,False,True,0.13333333333333333,0.4572206605762474,0.7777777777777777
0.7777777777777778,0.7333333333333334,0.3333333333333333,0.3333333333333333,0.3333333333333333,0.7307076528978544,False,False,False,False,True,0.19999999999999998,0.44939870490286776,0.3333333333333333
0.9333333333333333,0.5733333333333334,0.2222222222222222,0.1111111111111111,0.2222222222222222,0.7544028178033941,True,False,False,False,False,0.06666666666666667,0.5319948895783903,0.2222222222222222
0.8888888888888888,0.7733333333333334,0.5555555555555556,0.0,0.6666666666666665,0.8687159782260647,False,False,False,False,True,0.0,0.47566826593557227,0.611111111111111
0.35555555555555557,0.4666666666666667,0.2222222222222222,0.1111111111111111,0.8888888888888888,0.4790265770092859,False,True,False,False,False,0.06666666666666667,0.24039835462221262,0.5555555555555556
0.8666666666666667,0.053333333333333344,0.1111111111111111,0.4444444444444445,0.3333333333333333,0.5331412103746398,False,True,False,False,False,0.26666666666666666,0.5652882205513785,0.2222222222222222
0.34444444444444444,0.4666666666666667,0.6666666666666665,0.4444444444444445,0.0,0.3330131284021774,False,False,True,False,False,0.26666666666666666,0.25839538794138844,0.33333333333333326
0.07777777777777777,0.5466666666666667,0.3333333333333333,0.4444444444444445,0.1111111111111111,0.22414345180915785,False,False,False,False,True,0.26666666666666666,0.06353648966780015,0.2222222222222222
0.1777777777777778,0.7600000000000001,0.3333333333333333,0.0,0.8888888888888888,0.4860710854947166,True,False,False,False,False,0.0,0.11962939021762554,0.611111111111111
0.7777777777777778,0.22666666666666668,0.0,0.2222222222222222,0.8888888888888888,0.6320845341018251,False,True,False,False,False,0.13333333333333333,0.47655483617814404,0.4444444444444444
0.6666666666666666,0.7600000000000001,0.7777777777777777,1.0,0.8888888888888888,0.733269292347102,False,True,False,False,False,0.6,0.3846295954184371,0.8333333333333333
0.16666666666666669,0.2666666666666667,0.7777777777777777,0.6666666666666665,0.6666666666666665,0.24687800192122955,False,False,False,False,True,0.3999999999999999,0.13366718027734978,0.7222222222222221
0.9888888888888889,0.12000000000000001,0.7777777777777777,0.2222222222222222,0.0,0.5872558437399935,True,False,False,False,False,0.13333333333333333,0.6230179544079081,0.38888888888888884
0.23333333333333334,0.4133333333333334,0.2222222222222222,0.6666666666666665,0.4444444444444445,0.3061159141850784,False,False,True,False,False,0.3999999999999999,0.17864672713900467,0.33333333333333337
0.3888888888888889,0.5466666666666667,1.0,0.0,1.0,0.5469100224143453,False,False,False,True,False,0.0,0.25139722624715377,1.0
0.2,0.7333333333333334,0.5555555555555556,0.3333333333333333,0.1111111111111111,0.3656740313800832,False,False,False,True,False,0.19999999999999998,0.14644783118405627,0.33333333333333337
0.6555555555555556,0.8266666666666668,0.5555555555555556,0.6666666666666665,1.0,0.7784181876400897,False,False,False,True,False,0.3999999999999999,0.3686172128195895,0.7777777777777778
0.3888888888888889,0.9333333333333333,0.8888888888888888,0.4444444444444445,0.5555555555555556,0.6067883445405058,False,False,False,True,False,0.26666666666666666,0.24202869669190916,0.7222222222222222
0.30000000000000004,0.4666666666666667,0.6666666666666665,0.1111111111111111,0.1111111111111111,0.334934357989113,False,False,False,True,False,0.06666666666666667,0.22473015111537542,0.38888888888888884
0.5666666666666667,0.21333333333333337,0.0,0.1111111111111111,1.0,0.5254562920268973,False,False,False,True,False,0.06666666666666667,0.3714735516372796,0.5
0.8888888888888888,0.6133333333333334,0.2222222222222222,0.0,0.3333333333333333,0.7630483509446044,True,False,False,False,False,0.0,0.5041772611696331,0.2777777777777778
0.0,0.026666666666666672,0.7777777777777777,0.1111111111111111,1.0,0.13160422670509125,True,False,False,False,False,0.06666666666666667,0.0,0.8888888888888888
0.2,0.9333333333333333,0.6666666666666665,0.6666666666666665,0.3333333333333333,0.45821325648414984,False,False,True,False,False,0.3999999999999999,0.13715415019762847,0.4999999999999999
0.11111111111111112,0.22666666666666668,0.1111111111111111,0.3333333333333333,0.4444444444444445,0.17995517130963817,False,False,False,False,True,0.19999999999999998,0.09416553595658074,0.2777777777777778
0.6777777777777778,0.45333333333333337,0.4444444444444445,0.1111111111111111,0.2222222222222222,0.56388088376561,False,False,False,True,False,0.06666666666666667,0.43339475839475844,0.33333333333333337
0.1777777777777778,0.8666666666666667,1.0,0.4444444444444445,0.2222222222222222,0.41306436119116235,False,False,False,True,False,0.26666666666666666,0.12581010650351238,0.6111111111111112
0.9222222222222223,0.8933333333333334,0.2222222222222222,0.4444444444444445,1.0,0.9638168427793787,True,False,False,False,False,0.26666666666666666,0.46960704386107943,0.6111111111111112
0.6555555555555556,0.17333333333333334,0.5555555555555556,0.7777777777777777,0.4444444444444445,0.4591738712776177,False,True,False,False,False,0.46666666666666656,0.4492648672372175,0.5
0.6666666666666666,0.9866666666666668,0.3333333333333333,0.1111111111111111,1.0,0.861671469740634,True,False,False,False,False,0.06666666666666667,0.35810113519091846,0.6666666666666666
0.6888888888888889,0.9333333333333333,0.8888888888888888,0.0,0.6666666666666665,0.8110790906179954,False,False,False,False,True,0.0,0.38037482319660537,0.7777777777777777
0.7,0.28,0.8888888888888888,1.0,0.5555555555555556,0.53154018571886,False,False,False,False,True,0.6,0.4570562408530211,0.7222222222222222
0.13333333333333336,0.7466666666666667,0.7777777777777777,0.7777777777777777,1.0,0.4447646493756004,False,True,False,False,False,0.46666666666666656,0.0922872340425532,0.8888888888888888
0.18888888888888888,0.8800000000000001,0.5555555555555556,0.1111111111111111,0.4444444444444445,0.467819404418828,False,True,False,False,False,0.06666666666666667,0.12868673647469459,0.5
0.8111111111111111,0.0,0.6666666666666665,0.4444444444444445,0.4444444444444445,0.49791866794748635,False,False,False,False,True,0.26666666666666666,0.5414920906370244,0.5555555555555555
0.21111111111111114,0.6666666666666667,0.1111111111111111,0.8888888888888888,0.6666666666666665,0.40890169708613505,False,False,False,True,False,0.5333333333333333,0.14984090909090914,0.38888888888888884
0.15555555555555556,0.7466666666666667,0.5555555555555556,0.1111111111111111,0.3333333333333333,0.38456612231828363,False,False,False,False,True,0.06666666666666667,0.11234967622571693,0.4444444444444444
0.6444444444444444,0.04000000000000001,0.7777777777777777,0.0,0.4444444444444445,0.43163624719820687,False,False,True,False,False,0.0,0.4501453813464549,0.611111111111111
0.24444444444444446,0.8933333333333334,0.5555555555555556,0.5555555555555556,0.5555555555555556,0.5052833813640729,True,False,False,False,False,0.3333333333333333,0.16239098064241653,0.5555555555555556
0.12222222222222222,0.8,0.4444444444444445,0.7777777777777777,0.6666666666666665,0.409542106948447,True,False,False,False,False,0.46666666666666656,0.08671058609722852,0.5555555555555555
0.21111111111111114,0.36000000000000004,0.7777777777777777,0.4444444444444445,0.6666666666666665,0.313800832532821,False,True,False,False,False,0.26666666666666666,0.16068730197416528,0.7222222222222221
1.0,0.4266666666666667,0.6666666666666665,0.6666666666666665,0.7777777777777777,0.8008325328210055,False,False,True,False,False,0.3999999999999999,0.555298719772404,0.7222222222222221
0.2,0.36000000000000004,0.1111111111111111,0.8888888888888888,0.5555555555555556,0.2760166506564201,True,False,False,False,False,0.5333333333333333,0.15673776662484318,0.33333333333333337
0.24444444444444446,0.7333333333333334,0.0,0.4444444444444445,0.7777777777777777,0.483509446045469,True,False,False,False,False,0.26666666666666666,0.16477444420461906,0.38888888888888884
0.16666666666666669,0.09333333333333334,0.2222222222222222,0.0,0.0,0.11143131604226703,False,True,False,False,False,0.0,0.14995678478824548,0.1111111111111111
0.7111111111111111,0.5466666666666667,0.5555555555555556,0.2222222222222222,0.6666666666666665,0.6769132244636566,True,False,False,False,False,0.13333333333333333,0.4240595760931832,0.611111111111111
0.3777777777777778,0.36000000000000004,0.7777777777777777,1.0,0.4444444444444445,0.35862952289465255,False,False,False,False,True,0.6,0.27805797784586384,0.611111111111111
0.08888888888888889,0.4133333333333334,0.2222222222222222,0.1111111111111111,0.7777777777777777,0.2901056676272814,True,False,False,False,False,0.06666666666666667,0.06890047158103747,0.49999999999999994
0.022222222222222213,0.32000000000000006,0.3333333333333333,0.3333333333333333,0.8888888888888888,0.22638488632724946,False,False,False,False,True,0.19999999999999998,0.018120104438642287,0.611111111111111
0.21111111111111114,0.9733333333333334,0.5555555555555556,0.8888888888888888,0.2222222222222222,0.45533141210374634,False,False,False,False,True,0.5333333333333333,0.14506050605060508,0.3888888888888889
0.6666666666666666,0.9066666666666667,0.6666666666666665,0.7777777777777777,0.6666666666666665,0.7617675312199808,True,False,False,False,False,0.46666666666666656,0.37840785169029445,0.6666666666666665
0.15555555555555556,0.8533333333333334,0.5555555555555556,0.7777777777777777,0.5555555555555556,0.4319564521293628,True,False,False,False,False,0.46666666666666656,0.10863148479427549,0.5555555555555556
0.35555555555555557,0.1866666666666667,0.1111111111111111,0.1111111111111111,1.0,0.3941722702529618,False,False,False,False,True,0.06666666666666667,0.2550298576022049,0.5555555555555556
0.3888888888888889,0.0,0.1111111111111111,0.0,0.5555555555555556,0.2859430035222542,False,True,False,False,False,0.0,0.30241533864541836,0.33333333333333337
0.9111111111111112,0.6133333333333334,0.8888888888888888,0.3333333333333333,0.3333333333333333,0.7643291706692281,False,False,True,False,False,0.19999999999999998,0.5164065335753177,0.611111111111111
0.45555555555555555,0.14666666666666667,0.1111111111111111,0.2222222222222222,0.7777777777777777,0.40153698366954854,False,False,False,True,False,0.13333333333333333,0.32503998172264104,0.4444444444444444
0.04444444444444444,0.9866666666666668,0.8888888888888888,0.3333333333333333,1.0,0.49535702849823876,False,False,False,True,False,0.19999999999999998,0.029721627408993576,0.9444444444444444
0.5555555555555556,0.026666666666666672,0.6666666666666665,0.2222222222222222,0.6666666666666665,0.3999359590137688,False,False,True,False,False,0.13333333333333333,0.39684354986276305,0.6666666666666665
0.3777777777777778,0.44000000000000006,0.5555555555555556,0.1111111111111111,0.8888888888888888,0.48222862632084534,False,False,True,False,False,0.06666666666666667,0.25487146251890264,0.7222222222222222
0.9666666666666666,0.92,0.6666666666666665,0.5555555555555556,0.1111111111111111,0.8671149535702849,False,False,False,True,False,0.3333333333333333,0.5177328074086778,0.38888888888888884
0.06666666666666667,0.14666666666666667,0.2222222222222222,0.7777777777777777,0.5555555555555556,0.1261607428754403,False,True,False,False,False,0.46666666666666656,0.05919818026727324,0.3888888888888889
0.9555555555555555,0.5733333333333334,0.8888888888888888,1.0,0.8888888888888888,0.8325328210054435,False,True,False,False,False,0.6,0.5214398042984448,0.8888888888888888
0.8333333333333334,0.17333333333333334,0.3333333333333333,0.0,0.1111111111111111,0.5405059237912264,False,False,True,False,False,0.0,0.5409478278944087,0.2222222222222222
0.5444444444444444,0.7733333333333334,0.3333333333333333,1.0,1.0,0.6836375280179314,False,True,False,False,False,0.6,0.3233739064282997,0.6666666666666666
0.16666666666666669,0.7466666666666667,0.5555555555555556,1.0,0.5555555555555556,0.3922510406660263,False,True,False,False,False,0.6,0.11971021159153636,0.5555555555555556
0.9666666666666666,0.22666666666666668,0.0,0.3333333333333333,0.1111111111111111,0.6250400256163944,False,True,False,False,False,0.19999999999999998,0.5948571428571429,0.05555555555555555
0.13333333333333336,0.5333333333333334,0.7777777777777777,0.8888888888888888,0.1111111111111111,0.23599103426192763,True,False,False,False,False,0.5333333333333333,0.1078756476683938,0.4444444444444444
0.09999999999999999,0.8800000000000001,0.1111111111111111,0.8888888888888888,0.6666666666666665,0.42170989433237266,False,True,False,False,False,0.5333333333333333,0.07033783783783783,0.38888888888888884
0.8555555555555555,0.13333333333333336,0.3333333333333333,0.5555555555555556,0.3333333333333333,0.5517130963816843,False,False,True,False,False,0.3333333333333333,0.5513619479983491,0.3333333333333333
0.7444444444444445,0.9066666666666667,0.8888888888888888,0.4444444444444445,0.8888888888888888,0.8501440922190202,False,False,False,False,True,0.26666666666666666,0.40237106265143646,0.8888888888888888
0.15555555555555556,0.25333333333333335,0.3333333333333333,0.1111111111111111,0.5555555555555556,0.23887287864233103,False,False,False,False,True,0.06666666666666667,0.12556216076505558,0.4444444444444444
0.26666666666666666,0.09333333333333334,0.4444444444444445,0.0,0.0,0.1690682036503362,False,False,False,True,False,0.0,0.22810188989317995,0.22222222222222224
0.611111111111111,0.06666666666666667,0.5555555555555556,0.3333333333333333,0.1111111111111111,0.36247198206852377,False,False,False,True,False,0.19999999999999998,0.44853113983548765,0.33333333333333337
0.22222222222222227,0.17333333333333334,0.7777777777777777,0.1111111111111111,0.3333333333333333,0.21645853346141525,True,False,False,False,False,0.06666666666666667,0.18267965254014218,0.5555555555555555
0.6,0.013333333333333336,0.4444444444444445,0.6666666666666665,0.3333333333333333,0.35734870317002876,True,False,False,False,False,0.3999999999999999,0.4420382165605095,0.3888888888888889
0.7999999999999999,0.8266666666666668,0.8888888888888888,0.8888888888888888,0.8888888888888888,0.8379763048350943,False,False,False,False,True,0.5333333333333333,0.43526132404181184,0.8888888888888888
0.4333333333333334,0.7066666666666668,0.0,0.8888888888888888,0.2222222222222222,0.4873519052193403,False,False,False,True,False,0.5333333333333333,0.2913455328310012,0.1111111111111111
0.32222222222222224,0.45333333333333337,0.4444444444444445,0.4444444444444445,0.6666666666666665,0.41146333653538264,False,False,False,True,False,0.26666666666666666,0.22828947368421054,0.5555555555555555
0.9444444444444444,0.6266666666666667,0.5555555555555556,0.6666666666666665,0.6666666666666665,0.8248479026577009,True,False,False,False,False,0.3999999999999999,0.5175469380593086,0.611111111111111
0.45555555555555555,0.6133333333333334,0.6666666666666665,0.6666666666666665,0.2222222222222222,0.47422350304194677,False,False,False,False,True,0.3999999999999999,0.3090139009556907,0.44444444444444436
0.11111111111111112,0.68,0.7777777777777777,0.7777777777777777,0.0,0.2638488632724944,False,False,True,False,False,0.46666666666666656,0.0879148720547251,0.38888888888888884
0.09999999999999999,0.13333333333333336,0.5555555555555556,0.3333333333333333,0.1111111111111111,0.09189881524175472,False,False,False,False,True,0.19999999999999998,0.09158357771260996,0.33333333333333337
0.2555555555555556,0.4,1.0,0.1111111111111111,0.6666666666666665,0.3653538264489273,False,True,False,False,False,0.06666666666666667,0.18717166979362104,0.8333333333333333
0.6,0.8133333333333334,0.3333333333333333,0.4444444444444445,0.3333333333333333,0.6532180595581172,True,False,False,False,False,0.26666666666666666,0.3629285299244625,0.3333333333333333
0.4777777777777778,0.4800000000000001,0.6666666666666665,0.6666666666666665,0.7777777777777777,0.5190521934037784,False,False,True,False,False,0.3999999999999999,0.31452360876897134,0.7222222222222221
0.3111111111111111,0.9466666666666668,0.2222222222222222,0.4444444444444445,0.8888888888888888,0.6147934678194045,False,False,False,False,True,0.26666666666666666,0.19266309736268095,0.5555555555555556
0.3888888888888889,0.44000000000000006,0.4444444444444445,0.4444444444444445,0.1111111111111111,0.36503362151777136,False,False,False,True,False,0.26666666666666666,0.2848932676518883,0.2777777777777778
0.08888888888888889,0.3066666666666667,0.5555555555555556,0.4444444444444445,0.1111111111111111,0.14409221902017288,False,False,True,False,False,0.26666666666666666,0.07769381472152254,0.33333333333333337
0.07777777777777777,0.36000000000000004,1.0,0.6666666666666665,0.7777777777777777,0.24527697726544984,False,True,False,False,False,0.3999999999999999,0.06245821547955771,0.8888888888888888
0.9333333333333333,0.9066666666666667,0.2222222222222222,0.3333333333333333,0.4444444444444445,0.8988152417547228,True,False,False,False,False,0.19999999999999998,0.49153456998313666,0.33333333333333337
0.8777777777777778,0.9866666666666668,0.3333333333333333,0.1111111111111111,0.8888888888888888,0.9673390970220941,True,False,False,False,False,0.06666666666666667,0.4461751302083333,0.611111111111111
0.4444444444444445,0.013333333333333336,0.8888888888888888,0.4444444444444445,0.4444444444444445,0.2913864873519052,False,False,False,True,False,0.26666666666666666,0.3441606744359038,0.6666666666666666
0.8999999999999999,0.4933333333333334,0.3333333333333333,0.3333333333333333,0.0,0.6666666666666665,False,False,True,False,False,0.19999999999999998,0.54,0.16666666666666666
0.2555555555555556,0.22666666666666668,0.7777777777777777,0.2222222222222222,0.1111111111111111,0.21902017291066284,False,False,True,False,False,0.13333333333333333,0.20964013659049122,0.4444444444444444
0.022222222222222213,0.8,1.0,0.4444444444444445,0.7777777777777777,0.3794428434197886,False,False,False,True,False,0.26666666666666666,0.016109563602599807,0.8888888888888888
0.18888888888888888,0.9066666666666667,0.7777777777777777,0.3333333333333333,0.1111111111111111,0.42170989433237266,False,False,False,True,False,0.19999999999999998,0.13286036036036036,0.4444444444444444
0.8666666666666667,0.053333333333333344,0.4444444444444445,0.4444444444444445,0.5555555555555556,0.5651617034902336,False,True,False,False,False,0.26666666666666666,0.5537234042553192,0.5
0.7222222222222222,0.8800000000000001,0.5555555555555556,0.3333333333333333,0.5555555555555556,0.7835414665385847,False,False,False,False,True,0.19999999999999998,0.4049371633752244,0.5555555555555556
0.7444444444444445,0.7600000000000001,0.2222222222222222,0.4444444444444445,0.0,0.6692283061159141,False,False,False,False,True,0.26666666666666666,0.44598120084404375,0.1111111111111111
0.5666666666666667,0.56,0.1111111111111111,0.4444444444444445,0.1111111111111111,0.510726865193724,True,False,False,False,False,0.26666666666666666,0.37509537939805,0.1111111111111111
0.06666666666666667,0.10666666666666667,0.1111111111111111,0.0,0.7777777777777777,0.17066922830611592,False,False,False,False,True,0.0,0.05694748358862144,0.4444444444444444
0.3666666666666667,0.1866666666666667,0.1111111111111111,1.0,0.3333333333333333,0.2737752161383285,False,False,False,True,False,0.6,0.2878582202111614,0.2222222222222222
0.8666666666666667,0.06666666666666667,0.2222222222222222,0.3333333333333333,0.6666666666666665,0.5898174831892411,True,False,False,False,False,0.19999999999999998,0.5451359516616314,0.44444444444444436
0.4777777777777778,0.12000000000000001,0.4444444444444445,0.8888888888888888,0.7777777777777777,0.38168427793788023,False,True,False,False,False,0.5333333333333333,0.3457937427578216,0.611111111111111
0.30000000000000004,0.64,0.7777777777777777,0.6666666666666665,0.3333333333333333,0.41018251681075885,False,True,False,False,False,0.3999999999999999,0.21273841961852863,0.5555555555555555
0.32222222222222224,0.8266666666666668,0.8888888888888888,0.3333333333333333,0.1111111111111111,0.46974063400576366,False,False,False,True,False,0.19999999999999998,0.21923747276688454,0.5
0.8666666666666667,0.9866666666666668,0.0,0.3333333333333333,0.7777777777777777,0.9372398334934358,False,True,False,False,False,0.19999999999999998,0.4473719008264463,0.38888888888888884
0.5888888888888889,0.7866666666666667,0.8888888888888888,0.5555555555555556,1.0,0.7294268331732308,False,False,False,False,True,0.3333333333333333,0.34051101647842996,0.9444444444444444
0.7555555555555555,0.25333333333333335,0.6666666666666665,0.3333333333333333,1.0,0.6410502721741913,True,False,False,False,False,0.19999999999999998,0.460409756097561,0.8333333333333333
0.6333333333333333,0.25333333333333335,0.5555555555555556,0.5555555555555556,1.0,0.5629202689721422,True,False,False,False,False,0.3333333333333333,0.4052243392747388,0.7777777777777778
0.33333333333333337,0.16000000000000003,0.1111111111111111,0.7777777777777777,0.3333333333333333,0.2526416906820365,False,False,False,False,True,0.46666666666666656,0.2661042944785276,0.2222222222222222
0.5222222222222221,0.4266666666666667,0.5555555555555556,0.6666666666666665,0.5555555555555556,0.49343579891130324,False,False,True,False,False,0.3999999999999999,0.34967838765008574,0.5555555555555556
0.30000000000000004,0.9066666666666667,0.6666666666666665,0.3333333333333333,0.6666666666666665,0.5658021133525455,False,False,False,True,False,0.19999999999999998,0.19159509202453992,0.6666666666666665
0.07777777777777777,0.12000000000000001,0.8888888888888888,0.0,0.5555555555555556,0.1498559077809798,True,False,False,False,False,0.0,0.06764132553606236,0.7222222222222222
0.04444444444444444,0.6133333333333334,0.6666666666666665,0.7777777777777777,0.5555555555555556,0.2814601344860711,False,False,False,False,True,0.46666666666666656,0.03468265867066466,0.611111111111111
0.0,0.10666666666666667,0.3333333333333333,0.7777777777777777,0.1111111111111111,0.009285943003522257,False,True,False,False,False,0.46666666666666656,0.0,0.2222222222222222
0.7888888888888889,0.9866666666666668,0.6666666666666665,0.3333333333333333,0.3333333333333333,0.8283701569004163,True,False,False,False,False,0.19999999999999998,0.4314711033274956,0.4999999999999999
0.6333333333333333,0.6000000000000001,0.5555555555555556,0.8888888888888888,0.7777777777777777,0.6442523214857507,False,True,False,False,False,0.5333333333333333,0.38518013631937686,0.6666666666666666
0.8444444444444444,0.44000000000000006,0.8888888888888888,0.4444444444444445,0.6666666666666665,0.7076528978546268,False,True,False,False,False,0.26666666666666666,0.4945059066191637,0.7777777777777777
0.6888888888888889,0.06666666666666667,0.4444444444444445,0.1111111111111111,1.0,0.5430675632404738,False,True,False,False,False,0.06666666666666667,0.44644117036729614,0.7222222222222222
0.4777777777777778,0.1866666666666667,0.1111111111111111,0.2222222222222222,0.8888888888888888,0.4447646493756004,False,False,False,True,False,0.13333333333333333,0.33069592198581566,0.5
0.35555555555555557,0.45333333333333337,0.3333333333333333,0.8888888888888888,0.4444444444444445,0.38328530259365984,False,False,True,False,False,0.5333333333333333,0.25703703703703706,0.3888888888888889
0.4777777777777778,0.053333333333333344,0.7777777777777777,0.2222222222222222,0.3333333333333333,0.31668267691322444,False,False,True,False,False,0.13333333333333333,0.3628647859922179,0.5555555555555555
0.35555555555555557,0.053333333333333344,1.0,0.8888888888888888,0.0,0.17515209734229908,False,False,False,False,True,0.5333333333333333,0.3025613079019074,0.5
0.9444444444444444,0.4666666666666667,0.0,0.4444444444444445,0.6666666666666665,0.7748959333973742,False,False,True,False,False,0.26666666666666666,0.5321125744181852,0.33333333333333326
0.5111111111111111,0.68,0.3333333333333333,0.2222222222222222,0.0,0.5136087095741275,False,True,False,False,False,0.13333333333333333,0.3376771736830971,0.16666666666666666
0.3888888888888889,0.3066666666666667,0.2222222222222222,0.7777777777777777,0.1111111111111111,0.30547550432276654,False,False,False,True,False,0.46666666666666656,0.2978906058376257,0.16666666666666666
0.6666666666666666,0.7466666666666667,0.3333333333333333,1.0,0.7777777777777777,0.7124559718219661,False,False,False,False,True,0.6,0.38930441286462225,0.5555555555555555
0.6888888888888889,0.8800000000000001,0.0,0.0,0.6666666666666665,0.7918667947486391,False,False,False,True,False,0.0,0.38445318084345964,0.33333333333333326
0.23333333333333334,0.17333333333333334,0.6666666666666665,0.4444444444444445,0.2222222222222222,0.19532500800512326,False,True,False,False,False,0.26666666666666666,0.1952049290115189,0.44444444444444436
0.7777777777777778,0.7466666666666667,0.2222222222222222,0.0,0.8888888888888888,0.8270893371757926,False,False,False,False,True,0.0,0.42569225376796355,0.5555555555555556
0.2555555555555556,0.04000000000000001,1.0,0.0,1.0,0.28754402817803393,False,True,False,False,False,0.0,0.19848296443670732,1.0
0.7888888888888889,0.5866666666666667,0.2222222222222222,0.6666666666666665,0.8888888888888888,0.7528017931476145,False,True,False,False,False,0.3999999999999999,0.45007307270734376,0.5555555555555556
0.7222222222222222,0.053333333333333344,0.3333333333333333,0.6666666666666665,0.1111111111111111,0.41018251681075885,False,True,False,False,False,0.3999999999999999,0.5121480472297911,0.2222222222222222
0.8444444444444444,0.16000000000000003,0.5555555555555556,0.6666666666666665,1.0,0.6471341658661542,True,False,False,False,False,0.3999999999999999,0.5126749611197512,0.7777777777777778
1.0,0.17333333333333334,0.0,1.0,0.3333333333333333,0.6340057636887608,False,False,False,False,True,0.6,0.6119929453262787,0.16666666666666666
0.8888888888888888,0.9466666666666668,0.7777777777777777,0.2222222222222222,0.5555555555555556,0.9074607748959331,False,False,False,True,False,0.13333333333333333,0.46600637904985737,0.6666666666666666
0.5555555555555556,0.6933333333333334,0.4444444444444445,0.4444444444444445,0.7777777777777777,0.6484149855907781,True,False,False,False,False,0.26666666666666666,0.33702408702408704,0.611111111111111
0.07777777777777777,0.9733333333333334,0.0,0.2222222222222222,0.4444444444444445,0.4335574767851425,True,False,False,False,False,0.13333333333333333,0.05425508152780879,0.22222222222222224
0.7222222222222222,0.013333333333333336,0.3333333333333333,0.0,0.3333333333333333,0.4508485430675632,False,False,False,False,True,0.0,0.49779298168174796,0.3333333333333333
0.13333333333333336,0.44000000000000006,0.1111111111111111,0.7777777777777777,0.8888888888888888,0.31828370156900415,False,False,True,False,False,0.46666666666666656,0.10114160796696627,0.5
0.7555555555555555,0.9600000000000002,0.7777777777777777,0.1111111111111111,0.5555555555555556,0.8392571245597182,False,True,False,False,False,0.06666666666666667,0.41079387186629523,0.6666666666666666
0.32222222222222224,0.8400000000000001,0.8888888888888888,0.3333333333333333,0.8888888888888888,0.5866154338776817,False,False,False,True,False,0.19999999999999998,0.203087790110999,0.8888888888888888
0.41111111111111115,0.52,0.1111111111111111,0.4444444444444445,0.4444444444444445,0.4546910022414345,False,False,True,False,False,0.26666666666666666,0.28261060972925384,0.2777777777777778
0.2777777777777778,0.5466666666666667,0.4444444444444445,0.8888888888888888,0.5555555555555556,0.388088376560999,False,False,False,True,False,0.5333333333333333,0.20011534025374858,0.5
0.022222222222222213,0.21333333333333337,0.8888888888888888,0.5555555555555556,0.7777777777777777,0.1642651296829971,True,False,False,False,False,0.3333333333333333,0.01908690869086908,0.8333333333333333
0.41111111111111115,0.7066666666666668,0.7777777777777777,0.6666666666666665,0.3333333333333333,0.49823887287864227,True,False,False,False,False,0.3999999999999999,0.2743962385125027,0.5555555555555555
0.21111111111111114,0.04000000000000001,1.0,0.3333333333333333,0.2222222222222222,0.13832853025936598,True,False,False,False,False,0.19999999999999998,0.18545710267229257,0.6111111111111112
0.4222222222222222,0.32000000000000006,0.4444444444444445,0.2222222222222222,0.2222222222222222,0.36471341658661544,False,False,False,True,False,0.13333333333333333,0.30938526513374004,0.33333333333333337
0.8222222222222222,0.6000000000000001,0.6666666666666665,0.6666666666666665,0.4444444444444445,0.712776176753122,True,False,False,False,False,0.3999999999999999,0.48005234623294074,0.5555555555555555
0.9888888888888889,0.9600000000000002,0.5555555555555556,0.3333333333333333,0.4444444444444445,0.9500480307396733,False,False,True,False,False,0.19999999999999998,0.5071100164203614,0.5
0.011111111111111113,0.68,0.1111111111111111,0.5555555555555556,0.5555555555555556,0.29394812680115273,True,False,False,False,False,0.3333333333333333,0.008586983419945559,0.33333333333333337
0.34444444444444444,0.52,1.0,0.8888888888888888,0.0,0.3368555875760486,False,True,False,False,False,0.5333333333333333,0.25765269461077844,0.5
0.4777777777777778,0.64,0.6666666666666665,0.5555555555555556,0.0,0.46845981428114,False,True,False,False,False,0.3333333333333333,0.3253597906672481,0.33333333333333326
0.18888888888888888,0.25333333333333335,0.0,0.3333333333333333,0.1111111111111111,0.18635926993275698,False,False,True,False,False,0.19999999999999998,0.15921727395411606,0.05555555555555555
0.5555555555555556,0.7733333333333334,0.4444444444444445,0.2222222222222222,0.8888888888888888,0.7009285943003523,False,False,False,False,True,0.13333333333333333,0.32661897590361444,0.6666666666666666
0.12222222222222222,0.7466666666666667,0.6666666666666665,0.8888888888888888,1.0,0.43451809157861027,False,False,False,True,False,0.5333333333333333,0.08520089285714286,0.8333333333333333
0.8333333333333334,0.4933333333333334,0.3333333333333333,0.6666666666666665,0.2222222222222222,0.6487351905219341,False,True,False,False,False,0.3999999999999999,0.5054379491163333,0.2777777777777778
0.09999999999999999,0.4666666666666667,0.4444444444444445,0.6666666666666665,0.0,0.18443804034582129,False,False,False,False,True,0.3999999999999999,0.08442822384428224,0.22222222222222224
0.6222222222222222,0.7066666666666668,0.5555555555555556,0.7777777777777777,0.7777777777777777,0.6801152737752161,False,False,True,False,False,0.46666666666666656,0.37034495902420433,0.6666666666666666
0.32222222222222224,0.9733333333333334,0.7777777777777777,0.1111111111111111,0.5555555555555556,0.5943003522254242,False,False,False,False,True,0.06666666666666667,0.20210885720024102,0.6666666666666666
0.4000000000000001,0.4800000000000001,0.4444444444444445,0.1111111111111111,0.4444444444444445,0.44540505923791224,False,False,False,True,False,0.06666666666666667,0.27673903411608336,0.4444444444444445
0.4000000000000001,0.6666666666666667,0.0,0.8888888888888888,0.0,0.42170989433237266,False,True,False,False,False,0.5333333333333333,0.2813513513513514,0.0
0.41111111111111115,0.8133333333333334,0.0,0.5555555555555556,0.8888888888888888,0.6205571565802113,True,False,False,False,False,0.3333333333333333,0.253685042481723,0.4444444444444444
0.41111111111111115,0.36000000000000004,0.6666666666666665,0.0,0.6666666666666665,0.4444444444444445,False,False,False,False,True,0.0,0.28461538461538466,0.6666666666666665
0.6222222222222222,0.14666666666666667,1.0,0.8888888888888888,0.8888888888888888,0.4905539545308997,False,False,True,False,False,0.5333333333333333,0.41744360902255645,0.9444444444444444
0.6888888888888889,0.7333333333333334,0.4444444444444445,0.3333333333333333,0.4444444444444445,0.6954851104707012,False,True,False,False,False,0.19999999999999998,0.4063078375826251,0.4444444444444445
0.055555555555555566,0.7600000000000001,0.1111111111111111,0.5555555555555556,0.2222222222222222,0.30035222542427154,False,False,False,False,True,0.3333333333333333,0.04272346712632358,0.16666666666666666
0.8111111111111111,0.026666666666666672,0.8888888888888888,0.5555555555555556,0.6666666666666665,0.5357028498238874,False,False,True,False,False,0.3333333333333333,0.5281693077564636,0.7777777777777777
0.6333333333333333,0.026666666666666672,0.4444444444444445,0.0,0.6666666666666665,0.45244956772334294,False,False,False,True,False,0.0,0.43604497354497357,0.5555555555555555
0.4888888888888889,0.8533333333333334,0.8888888888888888,1.0,0.0,0.5363432596861992,False,False,False,True,False,0.6,0.31821592330137555,0.4444444444444444
0.2888888888888889,0.9866666666666668,0.6666666666666665,0.3333333333333333,1.0,0.6362471982068523,False,False,False,True,False,0.19999999999999998,0.1765557729941292,0.8333333333333333
0.8333333333333334,0.9066666666666667,1.0,0.0,0.3333333333333333,0.8366954851104706,False,True,False,False,False,0.0,0.45371338912133896,0.6666666666666666
0.0,0.7600000000000001,0.8888888888888888,0.4444444444444445,0.4444444444444445,0.3041946845981428,False,False,False,False,True,0.26666666666666666,0.0,0.6666666666666666
1.0,0.4133333333333334,0.7777777777777777,0.1111111111111111,0.4444444444444445,0.7672110150496319,False,True,False,False,False,0.06666666666666667,0.5658633810472912,0.611111111111111
0.06666666666666667,0.6533333333333334,0.7777777777777777,0.7777777777777777,0.7777777777777777,0.34069804674991994,False,False,False,True,False,0.46666666666666656,0.049725340339144976,0.7777777777777777
0.33333333333333337,0.4266666666666667,0.0,0.8888888888888888,0.8888888888888888,0.4249119436439321,False,False,True,False,False,0.5333333333333333,0.23393258426966293,0.4444444444444444
0.8888888888888888,0.6000000000000001,0.4444444444444445,0.0,0.1111111111111111,0.7262247838616716,False,True,False,False,False,0.0,0.5149322945650158,0.2777777777777778
1.0,0.56,0.1111111111111111,1.0,0.7777777777777777,0.8373358949727825,False,False,False,True,False,0.6,0.5442662948762635,0.4444444444444444
0.9888888888888889,0.026666666666666672,1.0,0.0,0.8888888888888888,0.6894012167787384,False,False,False,False,True,0.0,0.5853487490523124,0.9444444444444444
0.24444444444444446,0.34666666666666673,0.1111111111111111,0.6666666666666665,1.0,0.36855587576048665,False,False,False,False,True,0.3999999999999999,0.17861488067384187,0.5555555555555556
0.9777777777777779,0.8133333333333334,1.0,0.1111111111111111,0.2222222222222222,0.866474543707973,True,False,False,False,False,0.06666666666666667,0.5238634414136216,0.6111111111111112
0.9555555555555555,0.5866666666666667,0.4444444444444445,0.5555555555555556,0.6666666666666665,0.8206852385526737,False,False,False,True,False,0.3333333333333333,0.524832922968695,0.5555555555555555
0.13333333333333336,0.2,0.0,0.2222222222222222,0.7777777777777777,0.23503041946845982,False,False,True,False,False,0.13333333333333333,0.10795955405755771,0.38888888888888884
0.7222222222222222,0.28,0.4444444444444445,0.7777777777777777,1.0,0.6160742875440282,True,False,False,False,False,0.46666666666666656,0.44689914800871805,0.7222222222222222
0.2888888888888889,0.8400000000000001,0.8888888888888888,0.2222222222222222,0.5555555555555556,0.5232148575088056,False,False,True,False,False,0.13333333333333333,0.18965734706747953,0.7222222222222222
0.4888888888888889,0.08,0.6666666666666665,0.4444444444444445,0.5555555555555556,0.35702849823887284,False,False,False,False,True,0.26666666666666666,0.3602642756016989,0.611111111111111
0.7777777777777778,0.9066666666666667,0.0,0.8888888888888888,0.3333333333333333,0.7739353186039064,False,False,True,False,False,0.5333333333333333,0.4384476534296029,0.16666666666666666
0.2888888888888889,0.13333333333333336,0.6666666666666665,1.0,0.3333333333333333,0.20973422990714058,False,True,False,False,False,0.6,0.23880359978824778,0.4999999999999999
0.7555555555555555,0.4666666666666667,1.0,0.3333333333333333,0.1111111111111111,0.5898174831892411,False,False,False,False,True,0.19999999999999998,0.4752467270896274,0.5555555555555556
0.5555555555555556,0.8400000000000001,0.3333333333333333,1.0,0.6666666666666665,0.6660262568043547,False,False,False,False,True,0.6,0.33346146453968867,0.4999999999999999
0.7,0.3866666666666667,0.8888888888888888,1.0,0.6666666666666665,0.5859750240153698,True,False,False,False,False,0.6,0.4413688673531193,0.7777777777777777
0.4444444444444445,0.12000000000000001,0.3333333333333333,0.8888888888888888,0.5555555555555556,0.3304514889529298,False,False,False,False,True,0.5333333333333333,0.3340553549939832,0.4444444444444444
0.34444444444444444,0.28,0.3333333333333333,0.3333333333333333,0.8888888888888888,0.39769452449567716,False,True,False,False,False,0.19999999999999998,0.2464375715922108,0.611111111111111
0.7666666666666666,0.8,0.4444444444444445,0.2222222222222222,0.3333333333333333,0.7521613832853025,True,False,False,False,False,0.13333333333333333,0.4375548245614035,0.3888888888888889
0.33333333333333337,0.22666666666666668,0.0,0.8888888888888888,0.1111111111111111,0.24079410822926672,False,True,False,False,False,0.5333333333333333,0.2686451612903226,0.05555555555555555
0.5444444444444444,0.1866666666666667,0.8888888888888888,0.2222222222222222,0.6666666666666665,0.45116874799871914,False,False,False,False,True,0.13333333333333333,0.37517652250661954,0.7777777777777777
0.2,0.9066666666666667,0.4444444444444445,0.3333333333333333,0.2222222222222222,0.44412423951328844,False,True,False,False,False,0.19999999999999998,0.13849223946784922,0.33333333333333337
0.5444444444444444,0.8800000000000001,0.1111111111111111,0.8888888888888888,1.0,0.7259045789305154,False,False,False,False,True,0.5333333333333333,0.31545454545454543,0.5555555555555556
0.30000000000000004,0.9333333333333333,0.6666666666666665,1.0,0.0,0.4562920268972142,False,False,False,False,True,0.6,0.20600263852242748,0.33333333333333326
0.2777777777777778,0.9866666666666668,0.3333333333333333,0.8888888888888888,0.4444444444444445,0.5305795709253922,True,False,False,False,False,0.5333333333333333,0.18148535564853557,0.3888888888888889
0.8111111111111111,0.8266666666666668,0.4444444444444445,0.8888888888888888,0.8888888888888888,0.8443804034582132,False,False,False,False,True,0.5333333333333333,0.4397743055555556,0.6666666666666666
0.2555555555555556,0.33333333333333337,0.5555555555555556,0.2222222222222222,0.7777777777777777,0.35350624399615754,False,False,False,True,False,0.13333333333333333,0.18881003075467237,0.6666666666666666
0.5888888888888889,0.3066666666666667,0.7777777777777777,0.5555555555555556,0.4444444444444445,0.47646493756003844,False,False,False,True,False,0.3333333333333333,0.3988505747126437,0.611111111111111
0.23333333333333334,0.4666666666666667,1.0,0.8888888888888888,0.8888888888888888,0.38168427793788023,False,False,True,False,False,0.5333333333333333,0.16887601390498264,0.9444444444444444
0.8444444444444444,0.36000000000000004,0.0,0.0,0.1111111111111111,0.6141530579570926,False,False,True,False,False,0.0,0.5231501686173378,0.05555555555555555
0.8999999999999999,0.64,0.1111111111111111,0.6666666666666665,0.3333333333333333,0.756003842459174,True,False,False,False,False,0.3999999999999999,0.5125273522975929,0.2222222222222222
0.9111111111111112,0.33333333333333337,1.0,0.7777777777777777,0.5555555555555556,0.6801152737752161,False,True,False,False,False,0.46666666666666656,0.5422908328568706,0.7777777777777778
0.8444444444444444,1.0,0.4444444444444445,0.2222222222222222,0.8888888888888888,0.9490874159462055,False,True,False,False,False,0.13333333333333333,0.433251191062921,0.6666666666666666
0.9555555555555555,0.8666666666666667,0.3333333333333333,0.0,0.3333333333333333,0.8927313480627601,False,True,False,False,False,0.0,0.5048553544239553,0.3333333333333333
0.8111111111111111,0.64,0.8888888888888888,0.6666666666666665,0.0,0.6567403138008325,False,False,True,False,False,0.3999999999999999,0.48958252802473906,0.4444444444444444
0.611111111111111,0.13333333333333336,0.0,0.4444444444444445,0.2222222222222222,0.39865513928914503,False,False,False,True,False,0.26666666666666666,0.4369276556776556,0.1111111111111111
0.11111111111111112,0.8,0.8888888888888888,0.7777777777777777,0.0,0.30707652897854626,False,False,False,True,False,0.46666666666666656,0.08500734933855954,0.4444444444444444
0.2888888888888889,0.45333333333333337,0.6666666666666665,0.4444444444444445,0.4444444444444445,0.36023054755043227,False,True,False,False,False,0.26666666666666666,0.2123822975517891,0.5555555555555555
0.6222222222222222,0.4666666666666667,0.8888888888888888,0.8888888888888888,0.5555555555555556,0.557796990073647,False,True,False,False,False,0.5333333333333333,0.3994244604316547,0.7222222222222222
0.23333333333333334,0.24000000000000005,0.4444444444444445,0.8888888888888888,0.5555555555555556,0.2520012808197246,False,False,False,True,False,0.5333333333333333,0.18636828644501277,0.5
0.7555555555555555,0.2666666666666667,0.5555555555555556,1.0,0.1111111111111111,0.4947166186359269,False,False,False,True,False,0.6,0.5054841473864611,0.33333333333333337
0.9333333333333333,0.8400000000000001,0.3333333333333333,0.8888888888888888,0.7777777777777777,0.9036183157220621,False,False,True,False,False,0.5333333333333333,0.49029436501261564,0.5555555555555555
0.13333333333333336,0.44000000000000006,0.7777777777777777,0.5555555555555556,0.1111111111111111,0.21389689401216777,False,False,False,False,True,0.3333333333333333,0.10983909258770776,0.4444444444444444
0.3888888888888889,0.04000000000000001,0.3333333333333333,0.0,1.0,0.3643932116554595,True,False,False,False,False,0.0,0.2850269889697254,0.6666666666666666
0.23333333333333334,0.2666666666666667,0.2222222222222222,1.0,0.5555555555555556,0.2577649695805315,False,True,False,False,False,0.6,0.1855142566191446,0.3888888888888889
0.2777777777777778,0.8400000000000001,0.8888888888888888,1.0,0.2222222222222222,0.4418828049951969,True,False,False,False,False,0.6,0.19264934488119034,0.5555555555555556
0.3888888888888889,0.36000000000000004,0.4444444444444445,0.3333333333333333,0.2222222222222222,0.356067883445405,False,False,False,False,True,0.19999999999999998,0.28677685950413223,0.33333333333333337
0.09999999999999999,0.2933333333333334,1.0,0.1111111111111111,0.0,0.14121037463976943,False,False,False,False,True,0.06666666666666667,0.08762626262626262,0.5
0.2555555555555556,0.21333333333333337,0.7777777777777777,0.1111111111111111,0.7777777777777777,0.3141210374639769,False,False,True,False,False,0.06666666666666667,0.19446881091617937,0.7777777777777777
0.23333333333333334,0.04000000000000001,0.4444444444444445,0.1111111111111111,0.1111111111111111,0.14281139929554915,False,True,False,False,False,0.06666666666666667,0.20417483889044552,0.2777777777777778
0.7666666666666666,0.36000000000000004,0.2222222222222222,0.7777777777777777,0.4444444444444445,0.5904578930515529,False,True,False,False,False,0.46666666666666656,0.4820414737265955,0.33333333333333337
0.2888888888888889,0.06666666666666667,0.1111111111111111,1.0,1.0,0.281780339417227,False,False,False,True,False,0.6,0.2253809642767924,0.5555555555555556
0.12222222222222222,0.6266666666666667,0.1111111111111111,0.6666666666666665,0.6666666666666665,0.35094460454690996,False,True,False,False,False,0.3999999999999999,0.090471675752548,0.38888888888888884
0.7666666666666666,0.053333333333333344,0.0,1.0,0.6666666666666665,0.5043227665706052,False,False,False,False,True,0.6,0.5096424010217113,0.33333333333333326
0.30000000000000004,0.7200000000000001,0.8888888888888888,0.7777777777777777,0.7777777777777777,0.49919948767211014,True,False,False,False,False,0.46666666666666656,0.20010679196924394,0.8333333333333333
0.8111111111111111,0.2,0.2222222222222222,0.7777777777777777,1.0,0.6384886327249439,False,False,False,True,False,0.46666666666666656,0.4950361539964823,0.6111111111111112
0.8666666666666667,0.32000000000000006,1.0,0.1111111111111111,0.3333333333333333,0.6407300672430354,False,False,True,False,False,0.06666666666666667,0.5282201405152226,0.6666666666666666
0.6888888888888889,0.36000000000000004,0.4444444444444445,1.0,0.4444444444444445,0.5379442843419788,True,False,False,False,False,0.6,0.4479283780970227,0.4444444444444445
0.4444444444444445,0.6933333333333334,0.0,0.1111111111111111,0.6666666666666665,0.5798911303234069,False,False,True,False,False,0.06666666666666667,0.2813133360356709,0.33333333333333326
0.03333333333333334,0.4266666666666667,0.4444444444444445,0.7777777777777777,0.1111111111111111,0.14377201408901696,False,False,True,False,False,0.46666666666666656,0.029143337066069436,0.2777777777777778
0.45555555555555555,0.7866666666666667,0.1111111111111111,0.7777777777777777,0.2222222222222222,0.5328210054434839,False,False,True,False,False,0.46666666666666656,0.2972007520367662,0.16666666666666666
0.3111111111111111,0.8533333333333334,0.4444444444444445,0.7777777777777777,0.1111111111111111,0.457572846621838,False,True,False,False,False,0.46666666666666656,0.21344463971880492,0.2777777777777778
0.6777777777777778,0.4933333333333334,0.4444444444444445,0.1111111111111111,1.0,0.6903618315722062,False,False,False,True,False,0.06666666666666667,0.40096609206289074,0.7222222222222222
0.9111111111111112,0.053333333333333344,0.7777777777777777,0.7777777777777777,0.2222222222222222,0.531219980787704,False,True,False,False,False,0.46666666666666656,0.5950230029276454,0.49999999999999994
0.08888888888888889,0.13333333333333336,0.3333333333333333,0.1111111111111111,0.8888888888888888,0.20525136087095736,False,False,False,False,True,0.06666666666666667,0.07375132837407014,0.611111111111111
0.9444444444444444,0.4666666666666667,0.8888888888888888,0.1111111111111111,0.8888888888888888,0.8184438040345821,True,False,False,False,False,0.06666666666666667,0.5193696073252333,0.8888888888888888
0.9222222222222223,0.9733333333333334,0.2222222222222222,0.4444444444444445,0.2222222222222222,0.8805635606788345,False,False,True,False,False,0.26666666666666666,0.49039673080197516,0.2222222222222222
0.06666666666666667,0.6266666666666667,0.4444444444444445,0.5555555555555556,0.4444444444444445,0.2907460774895933,False,False,True,False,False,0.3333333333333333,0.05164971471098983,0.4444444444444445
0.5333333333333333,0.4,1.0,0.2222222222222222,0.5555555555555556,0.5056035862952288,True,False,False,False,False,0.13333333333333333,0.3542322415993195,0.7777777777777778
0.9777777777777779,0.09333333333333334,0.0,0.4444444444444445,0.8888888888888888,0.6916426512968299,False,False,True,False,False,0.26666666666666666,0.5780049214461481,0.4444444444444444
0.8111111111111111,0.04000000000000001,0.1111111111111111,0.1111111111111111,1.0,0.6039065001601025,False,False,False,False,True,0.06666666666666667,0.5057097224995009,0.5555555555555556
0.8444444444444444,0.9066666666666667,0.7777777777777777,0.7777777777777777,0.5555555555555556,0.8482228626320845,False,False,True,False,False,0.46666666666666656,0.45689535689535693,0.6666666666666666
0.2888888888888889,0.7866666666666667,0.2222222222222222,0.7777777777777777,0.7777777777777777,0.5168107588856867,True,False,False,False,False,0.46666666666666656,0.19045809584124976,0.49999999999999994
0.15555555555555556,0.5466666666666667,0.0,0.3333333333333333,0.0,0.2568043547870637,False,True,False,False,False,0.19999999999999998,0.12377070063694268,0.0
0.6777777777777778,0.6666666666666667,0.2222222222222222,1.0,0.4444444444444445,0.6420108869676593,True,False,False,False,False,0.6,0.41277301092043683,0.33333333333333337
0.26666666666666666,0.013333333333333336,0.6666666666666665,0.3333333333333333,0.8888888888888888,0.2568043547870637,False,True,False,False,False,0.19999999999999998,0.21217834394904458,0.7777777777777777
0.3888888888888889,0.4800000000000001,0.4444444444444445,0.2222222222222222,0.8888888888888888,0.49919948767211014,False,False,True,False,False,0.13333333333333333,0.25939769329346435,0.6666666666666666
0.18888888888888888,0.9733333333333334,0.4444444444444445,0.5555555555555556,0.7777777777777777,0.5341018251681076,False,False,False,True,False,0.3333333333333333,0.12312669588812357,0.611111111111111
0.15555555555555556,0.08,1.0,0.6666666666666665,0.5555555555555556,0.1572206211975664,True,False,False,False,False,0.3999999999999999,0.13442169341449917,0.7777777777777778
0.9444444444444444,0.9066666666666667,0.2222222222222222,1.0,0.6666666666666665,0.9141850784502081,True,False,False,False,False,0.6,0.4933924389427902,0.44444444444444436
0.2888888888888889,0.24000000000000005,0.8888888888888888,0.7777777777777777,0.2222222222222222,0.2398334934357989,False,False,True,False,False,0.46666666666666656,0.23300619834710748,0.5555555555555556
0.3666666666666667,0.8800000000000001,1.0,0.7777777777777777,0.2222222222222222,0.5152097342299071,False,False,False,True,False,0.46666666666666656,0.24199070160608624,0.6111111111111112
0.22222222222222227,0.7600000000000001,0.1111111111111111,0.2222222222222222,0.0,0.3759205891770733,False,True,False,False,False,0.13333333333333333,0.16150802885734236,0.05555555555555555
0.2777777777777778,0.12000000000000001,0.1111111111111111,0.4444444444444445,0.3333333333333333,0.21773935318603904,False,False,False,True,False,0.26666666666666666,0.22810938732579544,0.2222222222222222
0.22222222222222227,0.013333333333333336,0.8888888888888888,0.4444444444444445,1.0,0.24335574767851426,True,False,False,False,False,0.26666666666666666,0.17872778779294365,0.9444444444444444
0.8111111111111111,0.68,0.6666666666666665,0.8888888888888888,1.0,0.8075568363752801,False,False,False,False,True,0.5333333333333333,0.44873339238263954,0.8333333333333333
0.4444444444444445,0.64,1.0,0.5555555555555556,0.2222222222222222,0.4812680115273776,False,False,False,True,False,0.3333333333333333,0.300043233895374,0.6111111111111112
0.6333333333333333,0.64,0.6666666666666665,0.8888888888888888,0.1111111111111111,0.5626000640409861,False,False,True,False,False,0.5333333333333333,0.40530737704918035,0.38888888888888884
0.611111111111111,0.9466666666666668,1.0,0.6666666666666665,0.4444444444444445,0.7159782260646814,False,False,False,True,False,0.3999999999999999,0.3561298749766747,0.7222222222222222
0.8222222222222222,0.7333333333333334,0.4444444444444445,0.8888888888888888,0.8888888888888888,0.8171629843099584,False,False,True,False,False,0.5333333333333333,0.4524757709251101,0.6666666666666666
